	Match	HMDB	PubChem	ChEBI	KEGG	METLIN	SMILES	Comment	X4010.Dish.0.cGy.sGCR	X4015.Dish.0.cGy.sGCR	X4026.Dish.0.cGy.sGCR	X4104.Dish.0.cGy.sGCR	X4106.Dish.0.cGy.sGCR	X4181.Dish.0.cGy.sGCR	X4010.Dish.50.cGy.sGCR	X4015.Dish.50.cGy.sGCR	X4026.Dish.50.cGy.sGCR	X4104.Dish.50.cGy.sGCR	X4106.Dish.50.cGy.sGCR	X4181.Dish.50.cGy.sGCR	X4010.Dish.100.cGy.Gamma	X4015.Dish.100.cGy.Gamma	X4026.Dish.100.cGy.Gamma	X4104.Dish.100.cGy.Gamma	X4106.Dish.100.cGy.Gamma	X4181.Dish.100.cGy.Gamma	X4010.Rotation.0.cGy.sGCR	X4015.Rotation.0.cGy.sGCR	X4026.Rotation.0.cGy.sGCR	X4104.Rotation.0.cGy.sGCR	X4106.Rotation.0.cGy.sGCR	X4181.Rotation.0.cGy.sGCR	X4010.Rotation.50.cGy.sGCR	X4015.Rotation.50.cGy.sGCR	X4026.Rotation.50.cGy.sGCR	X4104.Rotation.50.cGy.sGCR	X4106.Rotation.50.cGy.sGCR	X4181.Rotation.50.cGy.sGCR	X4010.Rotation.100.cGy.Gamma	X4015.Rotation.100.cGy.Gamma	X4026.Rotation.100.cGy.Gamma	X4104.Rotation.100.cGy.Gamma	X4106.Rotation.100.cGy.Gamma	X4181.Rotation.100.cGy.Gamma	QC.4	QC.5	QC.6	QC.7	QC.8	QC.End	group1_mean	group2_mean	group2_group1_log2fc	pval	padj	differentially_expressed
1-Methyladenosine	1-Methyladenosine	HMDB0003331	27476	16020	C02494	6888	CN1C=NC2=C(N=CN2[C@@H]2O[C@H](CO)[C@@H](O)[C@H]2O)C1=N	1	17.1022796599892	16.4619408985619	16.9064727992943	16.2390389682751	16.2326780951134	16.0335912885771	16.3457502880787	15.9492358622828	16.0547549755376	15.7307996015245	15.8219390447875	16.2135746203295	16.1183279906777	16.1625119084668	15.8341497728507	15.6690990879612	15.3535444707299	16.2899129626483	15.9708878431317	15.6608928572263	16.26133453282	16.3744255342638	15.6214196339567	16.5485349978738	16.1570735982304	15.2501544998991	15.0753267705659	15.8915002389486	14.5809236852723	16.2970078638066	15.6689605296499	16.0100034283831	15.1655174432105	15.4698964452588	16.3946320951527	15.6347408080976	16.2660748333526	16.1384639029645	16.3297068875845	16.2349624318925	16.0716241903271	15.7437338711633	15.9045910322224	15.7239584582921	-0.180632573930323	0.445020891336674	0.540382510908819	FALSE
1,3-Diphosphoglycerate	Glyceric acid 1,3-biphosphate	HMDB0001270	439191	16001	C00236	NA	O[C@H](COP(O)(O)=O)C(=O)OP(O)(O)=O	1	16.02514901717	16.2657099421673	16.4912921256518	15.604369991061	16.5401922051107	16.3082490501814	15.8457269066876	15.8371224559431	15.2652709106633	15.5918614312156	15.5488460021315	16.0100363562689	16.6013808056496	15.1963637728608	15.3403118884352	14.5086417964046	15.7154620037907	15.3548258815207	15.3594773185873	16.3972340649494	16.4046842152479	17.0787165246186	15.1999728010242	16.1979259268252	15.3723710490115	15.3101998114525	14.8321351063542	14.9997074164523	14.8042566095619	14.9399920036697	15.153561968806	14.4184422159083	14.437833218387	14.7628315862959	16.0772416384594	15.5139717899055	15.9676320939462	16.1232484217295	15.9792645206495	16.0336621244686	15.9570283741524	15.8368279599775	15.4528310247769	15.060647069627	-0.392183955149894	0.335397363633236	0.46892457754231	FALSE
3-(3-hydroxyphenyl)propanoic acid	3-(3-Hydroxyphenyl)propanoic acid	HMDB0000375	91	1427	C11457	5364	OC(=O)CCC1=CC(O)=CC=C1	1	16.205449910725	15.9438812886692	16.16330510358	16.6366336628466	15.6973329008746	16.522593666705	16.4789181393767	16.3121534253251	16.165706786047	16.5330474003467	16.5500428972638	17.0147536481484	16.784871517021	16.1349458261205	16.3883701797921	16.0330352066322	16.5954635176501	16.675056020736	16.566505131022	15.8707142620118	15.735649212761	16.7552799345764	16.0602391106306	15.9423137602982	16.4101496672773	15.6479755304431	16.0308998787663	16.0646725680485	14.9353716411933	17.2042585688108	15.9086037510056	15.9389321558959	15.9485121194251	15.7088888532176	16.5688197303016	16.2616992874416	16.8663281125274	16.9101897725713	16.7375554226105	16.8322546205498	16.7656935799863	16.7433164734017	16.435290377992	16.0559093162146	-0.379381061777419	0.0568729092132724	0.179263395970959	FALSE
4-Guanidobutanoic acid	NA	NA	NA	NA	NA	NA	NA	0	14.3179218688559	14.6308998833606	14.7675206032386	14.6160884862958	14.3478156577472	14.4456050063039	13.8261604327617	14.3071222138534	14.2398864995486	14.3004593090903	14.4716545923414	14.4938358359085	14.714081152706	13.5558153679565	14.141387665768	13.6269235943519	14.8631352062788	13.9622603196545	12.9527045377008	13.965891184404	14.7975647657941	14.0018252023009	13.6009954889633	13.9017617473312	14.0637271435476	12.3988120542932	13.2208817500951	13.5274753224265	13.7133520926304	14.4039874248377	13.1768300517322	13.6066387607066	13.5657133718014	13.4140245204522	14.091949746482	13.901471419117	14.6482888647185	14.6337244771704	14.3412973449126	14.5842104302612	14.2212293294625	14.7148141838022	14.1439338844526	13.6261046450486	-0.517829239404049	0.0808538021149093	0.200450051076546	FALSE
5-MOT	5-Methoxytryptamine	HMDB0004095	1833	2089	C05659	7015	COC1=CC2=C(NC=C2CCN)C=C1	1	17.4323819183844	14.2499737890673	14.7221216243519	16.9881322771441	16.0737407127278	16.232774252187	17.3242039044163	16.3467028733086	16.9246841006307	16.6047157551971	16.5721504132131	16.3939398471756	16.8746174099213	16.3617992138421	17.1089266334288	15.7912539878608	16.5827809496893	16.3912327911624	15.942661775232	15.6472346134442	14.6924487692526	15.8828979403787	16.06849354199	15.8387703558518	16.1809915183956	15.9446773229021	14.7030139924565	16.7255108450375	15.2752465440882	16.4072558369625	15.2025520052624	15.9071249889161	14.7482706570884	16.0733335241137	16.4843201755198	13.8771318994975	16.4246991337923	16.2679851661505	16.1577764255454	16.2696275814443	15.9435337019743	16.3465665129406	16.5184351643175	15.3821222083997	-1.13631295591779	0.0346613525794686	0.15276670210951	FALSE
7-Methylguanine	7-Methylguanine	HMDB0000897	11361	28664	C02242	NA	CN1C=NC2=C1C(=O)N=C(N)N2	1	21.4010193407431	20.3845995668112	20.0236536546561	20.1527262079332	19.9878050156515	19.9504555532613	20.8778624890492	20.0944428066949	19.3724276566904	20.2073363281745	19.9441267066456	20.1383591832054	20.6541179555524	20.0099445660101	19.5219838049643	19.7737598639051	19.8517439906267	19.8935321478719	20.085492680028	19.6710938462824	19.15040984817	20.6102629027333	19.4079237639453	19.745670216002	19.3792829345915	19.4581052787116	19.0403414740954	19.9304049797033	19.5022345588418	19.4698832046814	19.701633536451	18.9193877812793	18.6535734256668	19.6794035061863	19.885484001531	18.9145932485623	20.0159331692346	20.0011835145326	20.038776624933	19.9506771398002	19.9547078454844	20.0028490947663	19.9508470548218	19.2923459166128	-0.658501138208969	0.0335771341807459	0.15276670210951	FALSE
8-oxodG	8-Hydroxy-deoxyguanosine	HMDB0003333	73318	40304	NA	6890	NC1=NC2=C(N=C(O)N2[C@H]2C[C@H](O)[C@@H](CO)O2)C(=O)N1	1	17.3667412846325	16.3073257300777	15.3464551671596	17.354532015786	16.8344154145889	17.2396377359529	17.1619846804364	16.8952356967084	16.7611648432218	16.9570686997181	16.3569046154445	16.7887694051482	16.906272861221	17.0893369705574	17.0716780928552	16.0294521259137	16.1009592196621	16.278756793505	16.8632164173884	16.8300522643359	16.0116948869075	16.8248023613881	16.2011735148287	16.6522055328742	16.4147653853971	16.5943770585779	15.3804319386301	17.1125603616393	14.2291084777842	17.2010420668484	16.0536731553453	16.3892429117096	15.1122176704774	16.06665916529	16.6140239279586	14.9441476252171	16.975168486873	16.8450555132919	16.9285814339579	16.780444490271	16.8063511408506	16.5425356545679	16.5794093439524	15.863327409333	-0.716081934619428	0.0668806629420247	0.18949521166907	FALSE
8-oxoG	NA	NA	NA	NA	NA	NA	NA	0	17.9099263382714	18.3025639001598	18.2882674119032	17.2497271066107	17.8926993109985	17.5998893064055	17.1868610356351	17.651739103796	17.1989068879679	17.5534733407302	17.1712341283518	17.371220392639	17.6813407681342	17.4509742521007	17.1879727099554	17.2697904062026	17.4285067249644	17.6123104656817	17.1329390471152	17.9805342002994	17.8981800942759	17.9113596940953	17.2717128169936	18.1108008565951	17.4587217870382	16.9484685785379	17.283332296465	17.1119599562057	17.3597523231864	18.4684704759668	17.4696504302711	17.1092941573794	17.3513581924987	17.1502031124191	17.1649285143153	17.5623047088734	17.498355981248	17.4184781089845	17.43824852197	17.4696059441572	17.4609186608771	17.5157918222501	17.4384825545065	17.3012898526262	-0.137192701880341	0.237665003462088	0.387426512492993	FALSE
Acetyl-CoA	Acetyl-CoA	HMDB0001206	444493	15351	C00024	6082	CC(=O)SCCNC(=O)CCNC(=O)[C@H](O)C(C)(C)COP(O)(=O)OP(O)(=O)OC[C@H]1O[C@H]([C@H](O)[C@@H]1OP(O)(O)=O)N1C=NC2=C1N=CN=C2N	1	17.3793655398429	15.0680640456711	17.2171365131063	16.0312587849542	17.1798765775131	16.2404201052763	17.4611401526326	17.2920056976835	17.3769384841838	16.673950492725	16.9590988028603	17.7325190390659	15.6983189698996	16.7297767283801	16.7674951161213	16.0277787727057	16.7595198405066	15.6116476319266	15.9999108826072	16.9183828298774	16.8253083046793	17.4404536972484	15.6280350071393	16.8667125754943	16.8436264284532	15.7696250828408	16.1202730468581	16.6299927849321	16.6235580830565	17.4777484773492	15.4318617921011	16.3005560912135	16.4673857662367	16.2083869039566	16.7815170117338	17.2420962076276	16.8204368021604	16.6645116121568	16.6902246027991	16.6270094328922	16.6921755801747	16.8232252911688	16.26575617659	16.4053006288115	0.139544452221564	0.685605031325762	0.741699988434234	FALSE
Acetylcarnitine	L-Acetylcarnitine	HMDB0000201	7045767	57589	C02571	5213	CC(=O)O[C@H](CC(O)=O)C[N+](C)(C)C	1	20.1232608331511	18.4686694040254	19.4077910911355	20.2129527218718	20.009521717683	20.2258858123589	20.5151143598757	20.0754388319222	19.2519189414612	19.4876569121005	19.4765728842505	20.0541135687034	20.0870890739706	19.9297080756113	19.7100637283529	19.3270144925026	19.4478938832005	19.8276122370045	20.0198410587042	19.5992077095223	19.342893180005	19.8618137210808	19.5285844379935	19.4155080119311	19.8741903638713	19.4377282720798	19.1180413374534	20.2239086378747	19.1010230808329	19.4319971621572	19.3967095216852	18.0373655600768	18.7182868588002	19.880084220095	19.0259660098092	18.2977659688288	19.6990817212579	19.5295838643768	19.6322378780623	19.5744263575598	19.606714082993	19.6043193006143	19.7215635817738	18.8926963565492	-0.828867225224553	0.0308797766434907	0.15276670210951	FALSE
Acetylcarnosine	Acetylcarnosine	HMDB0012881	10221026	172509	NA	NA	CC(=O)NCCC(=O)N[C@H](CC1=CN=CN1)C(O)=O	1	18.3852210833502	16.5362088535162	16.7668439758815	17.9747064637977	18.1268322031237	18.1543143493008	19.0977180403785	17.8638570582268	17.2684678031433	17.51236917456	18.0091900943541	17.9474736907398	18.3569390795467	18.2722304359577	17.9314094428274	17.3109144682692	17.7074303860389	17.7075710265096	18.1055205628532	17.7070299932145	17.0083491753595	17.9913059931005	17.2658143518483	17.1713515558698	16.8426561543925	17.3363856388996	16.5626601340455	17.5414851398367	16.4686548323755	18.6655947888426	17.5136949118355	16.9342141788251	16.7606180444347	17.8260298014008	17.8042983261331	16.9114856937326	17.6589869411988	17.7881240441202	17.7524001659279	17.6868192077369	17.5978089266458	17.7638215593229	17.8810824731916	17.291723492727	-0.589358980464592	0.043015077869795	0.169026958909136	FALSE
Acetylcholine	Acetylcholine	HMDB0000895	187	15355	C01996	57	CC(=O)OCC[N+](C)(C)C	1	20.3713161876104	19.7838693592818	19.7009763168166	19.5364839047449	19.9801084089296	20.0054837651485	19.9813504106723	19.6649948283806	19.6903195024708	19.3163731954405	19.7691084894976	19.8179524876899	19.8353248781334	19.71085545977	19.8559881998234	19.2807463552696	19.6975802439339	19.7219914837832	19.6196577531504	19.6616209573144	19.3562070186991	19.7498312484837	19.4046554631222	19.7719042677062	19.5133783199981	19.4111624936458	19.0561902814249	19.4376740285177	19.1130246602825	19.6070110387957	19.6782334183935	19.2067010202036	19.260560198777	19.1961384894352	19.560237955121	19.1186105000159	19.7720883232627	19.6804186819462	19.7014432177136	19.5632392218955	19.7558059186496	19.6165220417509	19.6837477701189	19.3367469303244	-0.34700083979455	0.0202365240189453	0.146724636975947	FALSE
Aconitic acid	Aconitic acid	HMDB0247961	309	22211	NA	NA	OC(=O)CC(=CC(O)=O)C(O)=O	1	19.5985120207825	18.2590237248298	19.4773218452217	19.7615394334975	19.7681501793451	19.9067953210818	20.0468940543011	19.8308254462338	18.7442645129274	19.2682491984251	19.6743203005111	19.8580026141669	20.0793226269938	19.377005375398	19.0944211000347	18.7374893988348	19.9880664379039	18.8135014697406	19.7255413199455	19.4117729804597	18.5842766998772	20.2916966145045	18.9719883356233	18.3548546909857	19.167931792011	19.2794835883948	18.4517149591501	19.0496513967216	18.6603048882597	18.310238795528	18.5745145886215	18.0522036636924	17.9839345673453	19.2783885721395	19.4551671616422	18.106166145258	19.6936743606476	19.7477146112234	19.5805503024378	19.6831834453037	19.6569926986848	19.6743222231095	19.348301068151	18.5750624497832	-0.773238618367817	0.0547595737792535	0.179263395970959	FALSE
Adenosine	Adenosine	HMDB0000050	60961	16335	C00212	86	NC1=C2N=CN([C@@H]3O[C@H](CO)[C@@H](O)[C@H]3O)C2=NC=N1	1	25.1170719663733	21.4557254007651	22.3488247841932	23.8580971074476	23.7873302519854	23.9727338714129	24.5929397090022	23.3489764644979	22.5590510599914	23.3586366425522	23.4219346543775	24.1013671017821	24.81409627672	22.7842165265037	22.6598505425726	23.1943204359448	23.4541566699166	23.6873693353384	23.9518430088995	23.4768895134765	22.5382957181724	23.8819106142783	23.6412005252866	23.375386044402	23.9523527971904	23.1085153337925	22.4698797327319	23.2772865742143	22.9316614077303	23.598337296836	23.4233748907988	21.4019937450641	21.8577212421699	22.9893756177241	23.3640282861173	21.1286411555337	23.4494385581883	23.341731164664	23.422764267638	23.4249146336883	23.4670744240041	23.4642064134353	23.4323349644994	22.3608558229013	-1.07147914159806	0.0704885071877237	0.194879778735924	FALSE
Adipic acid	Adipic acid	HMDB0000448	196	30832	C06104	115	OC(=O)CCCCC(O)=O	1	14.8327462412341	16.0432510256381	16.0879109436074	16.5067956746129	16.3575786896249	18.4910848296767	15.7432103375012	16.4010069259554	15.985539044403	17.3574749530443	16.8339643239957	17.3149562241678	16.7642479554535	15.1953215633807	19.2608481113439	15.5505071380419	16.3657209573303	16.2356524711127	16.8662771736945	14.8754653615065	15.6467257601585	16.3163574501608	17.4219869330024	16.0747578475224	16.3758497441788	15.9595102256873	16.2897773398649	16.1290479395392	15.4236520477439	16.0021948741299	15.9526345615121	15.9117655121076	16.9970137218392	15.7512982017871	16.2022992816721	17.1748421933525	17.372036693901	17.4429420068056	17.2358031217502	17.3934539862476	17.3802655425814	17.3652712445439	16.5620496994438	16.3316422453784	-0.230407454065379	0.728846540091372	0.76754635637941	FALSE
ADMA	Asymmetric dimethylarginine	HMDB0001539	123831	17929	C03626	6309	N[C@@H](CCC\N=C(/N)N(C)C)C(O)=O	1	21.254282724596	19.0883727986132	18.5204188513982	19.7752851767469	19.4146147501507	19.5169640513341	19.798148548244	19.3314749085782	18.8718356769129	19.2327606464763	18.9838455944032	18.3952937315267	20.0788959281311	18.6907683060746	18.5294044562322	18.3646892279791	17.9804541726049	18.4006715228568	18.3357828096935	18.6297108868898	18.322332297101	19.9271146696141	17.8962043907419	18.9502936434895	18.8619401927256	17.7010755019247	17.21942943881	18.3445572019286	16.9212404367139	19.5279317781438	18.5396845634153	17.9262804943908	16.9472101623932	17.789341424381	18.3040972045133	16.9649001320227	19.1272226600302	19.0954828381458	18.9507990454392	18.9572495567092	18.6832284247235	18.5206031810461	18.6741472689798	17.7452523301861	-0.928894938793714	0.0440322329931363	0.169026958909136	FALSE
ADP	ADP	HMDB0001341	6022	16761	C00008	6175	NC1=NC=NC2=C1N=CN2[C@@H]1O[C@H](COP(O)(=O)OP(O)(O)=O)[C@@H](O)[C@H]1O	1	22.2744140411792	19.5449294966222	20.7571549283258	21.736737554254	21.3411914216716	21.733060494599	21.9457008983376	21.551815623154	20.8940146451113	21.0011995541405	21.5400536327505	21.2535252038996	21.7162810353089	21.5311239091528	21.2071927716832	20.9927248540283	21.1520614200444	20.970107507384	21.2428788163574	20.9134744654789	20.300151979034	20.9143532779336	20.9260849837238	20.3148635375194	21.5916072851295	21.1402145865694	20.2270001329748	21.3015573042188	20.7555223425924	19.7360647089834	21.3010357944934	20.4544062903645	20.2142071554123	20.8764921800076	21.3049179541382	19.8630297581478	21.007103810689	21.0599128742639	21.1674827716336	21.0345093767279	20.9403679051144	20.9128605612845	21.2615819162669	20.6690148554273	-0.592567060839642	0.062736605534888	0.185405758979402	FALSE
Agmatine	Agmatine	HMDB0001432	199	17431	C00179	3523	NCCCCNC(N)=N	1	15.412753153618	14.840404469267	13.0905716057155	16.3213126811567	15.7353748599105	15.3494820454275	15.3676671755394	14.9180874562585	15.2429656648297	15.7608792291473	16.5451888095219	15.2363188475624	15.0775416451347	15.4592418733186	15.5554590347853	15.6826467060162	15.9338242052407	14.9510284735806	14.6844502092653	15.1389976043242	13.3666063657616	14.9357347353385	15.703092121777	10.7777787237087	14.9771170766368	14.6310385427127	14.3849092257895	15.1348708531327	14.4037620586321	15.207522085479	15.6797977787981	14.7857442135125	14.5109206013709	15.8756452693401	15.2023092018303	14.090615909299	15.0361234977816	14.9069531518949	14.986071145821	14.9498784778202	14.8982352188138	14.6402526937381	15.4432903230127	15.0241721623585	-0.419118160654227	0.227706856996502	0.381649520881461	FALSE
Alanine	L-Alanine	HMDB0000161	5950	16977	C00041	NA	C[C@H](N)C(O)=O	1	25.6880162014809	24.4100041776603	23.7963757074582	24.3238463730921	24.263012167589	24.5201990431924	25.0128400029379	23.9253758802098	23.7434057656941	24.228748228538	24.0493509414324	24.0339892175699	25.0043624248461	23.8222906309324	23.6009103036111	23.8855179762323	23.759058868908	23.9161862046167	23.9797824202385	24.1154222192304	23.3589949129063	24.4834852074178	23.4365423253479	24.271282541383	23.6918691673936	23.7542777404323	22.8706915935703	24.0388658062019	23.2285351270607	23.8813579629003	23.911627846551	23.8250810416694	22.954181339519	23.5025136090308	23.9218375764516	23.1494198252287	24.2119502540229	24.1799459679376	24.1057239166165	24.1053469184635	24.1966433801497	24.0452575582166	23.9980544015244	23.5441102064084	-0.45394419511603	0.121185064093343	0.231050078306551	FALSE
alpha-ketoglutaric acid	Oxoglutaric acid	HMDB0000208	51	30915	C00026	5218	OC(=O)CCC(=O)C(O)=O	1	19.0043032365085	19.4618877865785	19.6217872395419	19.8840089907789	18.7284857888875	18.5720466484875	12.5698808149354	19.6231951250486	21.2545091027272	21.8587578636044	20.4782148882733	18.0341842792541	18.540038656877	20.7682157964635	21.3466082019867	21.0446432357947	20.9451846409871	17.7365037259666	12.1062678676857	18.6608388652173	19.0534545883103	19.2579185321131	17.3149770747241	18.6246720018322	17.7520144057798	11.9985603972605	17.6504931653875	12.4089700925983	17.6980368839836	12.4210427645578	18.2307515190194	18.5340396413047	12.0548854797609	18.1587666855666	18.8769235501255	17.7326035045217	19.3364940587352	19.4824439262198	19.5744147732219	19.6180458509453	19.5756370884242	19.7177554437815	20.0635323763459	17.2646617300498	-2.79887064629614	0.0510578677498605	0.179263395970959	FALSE
Aminolevulinic acid	5-Aminolevulinic acid	HMDB0001149	137	17549	C00430	6037	NCC(=O)CCC(O)=O	1	16.0443520429146	14.2120211705539	14.9515640980502	15.0541585991253	16.0447405913949	15.57271913835	15.8518719685023	14.7887662720426	14.7591557032134	14.5690017939876	16.2253624878201	15.9448929380713	16.0501502463847	15.5762002218041	15.4427999459919	14.8428330233095	15.5304410838419	15.8793446996692	16.3339593476434	14.8338581714479	14.7717733050326	15.2916255032995	15.0719445184661	14.6789522371722	15.1357634450619	13.7983640455386	14.0426329808184	14.7701493651932	14.9431363621776	14.7199603943311	14.9052820066776	12.1044929982418	13.9669105807143	14.7085870982441	15.0319241266076	14.258957233853	15.4058838490955	15.396113455452	15.3473481921918	15.4496936164573	15.2210008283733	15.3589007069111	15.5536282035002	14.1626923407231	-1.39093586277717	0.0241783059230191	0.151432547623119	FALSE
AMP	Adenosine monophosphate	HMDB0000045	6083	16027	C00020	5111	NC1=C2N=CN([C@@H]3O[C@H](COP(O)(O)=O)[C@@H](O)[C@H]3O)C2=NC=N1	1	27.3781452421132	25.1360868029607	26.1195227095687	26.8954539646001	26.5192711454573	26.3998966667089	27.0279566864126	26.3597407577993	25.670524315452	26.0534918157185	26.4572175465297	26.3942012532048	27.3291737758494	26.2979626687373	26.0078560805407	26.4863195364365	26.4949699445169	25.9581334311761	26.3398965662024	25.8796872558297	25.6269103217302	24.8836245458342	25.9250645078874	25.1562655290768	26.6670041674277	25.8066126527826	25.8374683379172	26.1503013482896	26.3631312621683	22.678258308075	26.1441440567352	24.6755682850454	25.2724828140693	25.5001887337595	26.0638395138236	24.3688696677877	26.1596618250493	26.063667622547	26.2638766989719	26.1436531457941	26.1739704310445	26.2002738081105	26.4290692395428	25.3375155118701	-1.09155372767271	0.013788403948251	0.146724636975947	TRUE
Arginine	L-Arginine	HMDB0000517	6322	16467	C00062	5502	N[C@@H](CCCNC(N)=N)C(O)=O	1	26.41602933499	25.763755741873	25.2786241346058	25.8111055642285	25.7244949307734	26.0117559555389	25.2237542022656	25.6814378170963	25.5778681290953	25.3467968330232	25.3365486237326	24.8843604885444	25.6724561485239	25.4753075155614	25.162569643564	25.0219319615758	24.5803262412452	24.8656400360626	24.6292205546097	25.6220505846728	25.3965039382176	25.9117240936548	24.8051121740415	26.0642513631149	25.3042523514894	24.7504759653757	24.4911330740507	25.1813384943108	24.2200566670178	25.8945387731903	25.2969900911403	25.1936810404666	24.420077868674	24.52902202423	24.9729611690792	25.0800539429923	25.6123378465439	25.5402581889966	25.5396526323516	25.4715264971368	25.1838836728868	25.2460672629154	25.1297052577555	24.9154643560971	-0.214240901658407	0.352454077742222	0.476614036946868	FALSE
Argininosuccinic acid	Argininosuccinic acid	HMDB0000052	16950	15682	C03406	5115	N[C@@H](CCCNC(=N)N[C@@H](CC(O)=O)C(O)=O)C(O)=O	1	18.5855707731617	15.172444901517	16.1131510054721	17.6965324209908	17.6403879592445	18.2471189381412	18.5521277493187	17.4061240575373	16.7606843149007	16.7882879818094	17.3925141597178	17.3972783930182	18.3446815024647	17.6401989000077	17.1514891409733	16.8742259880587	16.9031994596556	17.0904281659478	17.9492791196268	17.38951576998	15.8233256982706	17.7344542195906	17.5749838839127	16.4461295748974	17.2701884263657	16.979148049254	16.4637752968587	16.9367485360159	16.3547726919142	17.7363869663716	17.2794605485273	15.7181626041669	16.3836275848313	17.1509096968337	17.3249246601676	15.8753782161674	17.1438538656979	17.2935918327944	17.3135210243607	17.4126546393627	17.2484653937795	17.1369115728753	17.3340371928513	16.622077218449	-0.711959974402252	0.0893253158257292	0.200722316507467	FALSE
Ascorbic acid	Ascorbic acid	HMDB0000044	54670067	29073	C00072	3753	[H][C@@]1(OC(=O)C(O)=C1O)[C@@H](O)CO	1	24.8996482729565	25.6305660217407	25.9077186346371	24.2744849217241	25.2749821570605	25.19902312512	24.1376593980585	24.3996624488503	24.1231294569229	24.4579377727998	24.2323505069823	25.1899084033103	25.1569715701034	24.1791602222366	24.0585992007613	23.92956502732	24.9331470701619	24.6715609823636	24.3336842673275	25.1275997313059	25.2338965685375	25.9961649070257	24.4261776856578	25.428279893662	24.8142956202158	24.2336316497194	24.8109725465384	23.9142694002773	24.5480055070872	24.4913241574661	24.3418467894098	24.5199222308772	24.7966481146797	24.1429117594711	24.6513197607002	25.2618134782497	25.3017862010381	25.3748598566911	25.2194433053004	25.2648712922857	25.3100985930648	25.312206008458	24.4881673454911	24.6190770222313	0.130909676740121	0.626375585307528	0.696623314500896	FALSE
Asparagine	L-Asparagine	HMDB0000168	6267	17196	C00152	14	N[C@@H](CC(N)=O)C(O)=O	1	23.9019881169322	23.2638513557827	23.0371626144893	23.3077771624271	23.1311780924725	23.2684648609558	23.6625486699135	23.2840531695446	23.3389579421535	23.0955577657784	23.2078754092192	23.0997234856882	23.7325819726611	23.3704748790404	22.5508582175309	23.0285228633354	22.8472714573015	22.9686282250656	22.8756194547614	23.3178690286739	22.9254776008868	23.2838941036712	22.7257862328815	23.3185498789185	22.8466333761406	22.7895043271938	22.5304805939319	23.1493561883279	22.3527759357211	23.1885667685284	23.1424712638653	22.9953786024878	22.5789731794441	22.9577937267302	23.0745952179866	22.6176415754585	23.2978057470443	23.162773142537	23.2387410384546	23.1452966579757	23.0720782453655	23.0159920461441	23.0830562691558	22.8944755943288	-0.188580674827065	0.362475105742592	0.479023523818357	FALSE
Aspartic acid	L-Aspartic acid	HMDB0000191	5960	17053	C00049	5206	N[C@@H](CC(O)=O)C(O)=O	1	25.8109573192631	25.5593752669852	25.609126247994	25.6244624840516	25.6056238166789	25.8181857038429	25.3798172015353	26.0158953037496	25.5407181562345	25.4147028273706	25.7669996302087	25.8114842167861	25.5786120576027	26.0108158074307	25.4516466780112	25.0607812527593	25.4830103757637	25.4810240578265	25.634774369211	25.9072984402149	25.1361433513121	25.7442713725352	25.5673878656204	25.8891026889022	25.6834732332698	25.9943743711636	25.0278829725877	25.5671345431205	25.045584101537	25.9183659028144	25.7281927971961	25.559157281149	24.9040275015847	25.2973724306837	25.9006795992677	25.0513051086702	25.5869211788238	25.3981300472055	25.4796295909576	25.4047657036059	25.4930785252511	25.4887216878794	25.510981704899	25.4067891197586	-0.104192585140456	0.617819194821274	0.693589473431431	FALSE
ATP	Adenosine triphosphate	HMDB0000538	5957	15422	C00002	5523	NC1=NC=NC2=C1N=CN2[C@@H]1O[C@H](COP(O)(=O)OP(O)(=O)OP(O)(O)=O)[C@@H](O)[C@H]1O	1	23.0583025947009	20.1243011741819	21.3480426638276	22.6412350551312	22.127229283224	23.0812962865227	22.9787086627459	22.5863822895925	22.7542209807265	21.8272272158828	22.6338860491417	21.9688957858169	21.6947814533704	22.8136353923622	22.2686180399399	21.2239028670831	22.8711579847437	21.6579451856046	23.2007440108728	21.7685553231581	20.8253159581434	23.0487999676716	22.3524149198925	22.0236994813144	22.2119503469742	22.9869895340395	21.73235414468	22.4692461505963	21.2141066029501	23.7980943388916	22.2510292706753	22.6854166574908	21.3669132381227	22.359326579914	22.8905522914974	21.2281556410328	22.4945940901853	22.3375245644605	22.5166566699362	22.2114384183801	21.8991630514394	21.9598636548604	22.0883401538507	22.1302322797888	0.0418921259381584	0.916999091688891	0.933586371795512	FALSE
C3:0-Carnitine	NA	NA	NA	NA	NA	NA	NA	0	17.92658484254	17.6150127298287	18.192178772897	17.1196805846587	17.5200447676729	17.6748162013146	17.9650798532381	17.790814370502	17.1993518748769	17.1216636183002	17.49044672971	17.9053185537718	17.8966246701332	17.6166561847392	17.0913639502407	16.8502099718197	17.4129578868912	17.434052930814	17.4507577920488	17.6042031294962	16.7043815343022	17.7828235251384	17.0228523729209	17.3122628236175	16.9673520173854	16.7757486862764	16.8652987612212	17.2787915948993	16.4525132875888	16.6204594923891	16.9470654273628	15.7837641532851	16.0637649621135	17.0081182494889	17.2473773347211	16.3761607394173	17.2846805969723	17.1755256029784	17.196564601634	17.2288367043471	17.2777228421628	17.1961457471004	17.383644265773	16.5710418110648	-0.812602454708227	0.0194476072206013	0.146724636975947	TRUE
C4:0-carnitine	NA	NA	NA	NA	NA	NA	NA	0	17.3449223636454	11.1027874638749	12.5990608400505	17.4233949177116	16.6434284687369	17.5201367275517	17.9678372227445	16.7144959414564	16.1412356902753	16.4008353981309	16.5118803457727	17.4150895053448	17.2138327886381	16.8311524335563	16.2459778776654	15.9695603578697	16.8058232207154	16.4262976387771	17.2965341275533	16.1339245665431	15.3394864074523	15.5356868575711	16.6737924890021	15.9324331578682	15.9876663552809	16.338346118384	15.8391655833904	16.796399674735	15.9936736336512	15.7921376832597	15.9726452925858	14.7845531508423	14.8561720085307	16.539378257765	16.069543551725	15.3255801952867	16.7303698538156	16.6671864988821	16.6690911675295	16.5386142030546	16.7048250662409	16.6886435880203	16.5821073862037	15.5913120761226	-0.990795310081086	0.0194265494607907	0.146724636975947	TRUE
C5:0-carnitine	NA	NA	NA	NA	NA	NA	NA	0	17.3742538337453	16.1723678434863	16.5617647963803	16.8034778720507	16.9486697877561	17.0566179012033	16.5085772749502	16.6106142836938	16.4920372857014	16.4180746754855	16.2802258706492	16.5626017449835	16.6023750153937	17.1699442061356	16.0678110843427	16.3628476478817	16.184142928678	16.7085324893401	15.4741750399626	16.4508001114337	16.1930577451943	16.9587108991308	16.1352630388082	16.6299783949959	15.8091245145463	15.3678271050774	15.1813869984071	16.077906595124	16.2686132137007	16.0593158730471	15.7591742261469	15.2192001921573	15.012624665869	16.325623345164	15.8834962269945	14.5797942224916	16.5734198504486	16.4537919529635	16.3263544016837	16.414653404015	16.4586439533195	16.4143357635294	16.5159422286286	15.4633188131372	-1.05262341549141	0.00856000635815676	0.146724636975947	TRUE
C6:0-carnitine	NA	NA	NA	NA	NA	NA	NA	0	18.9061923159929	15.4217106962614	16.0185202647414	18.4463341896836	18.5386271533878	18.3563185830269	18.5867322281878	17.4091806112083	18.2216446312903	17.2782677940394	17.9147304353701	18.3975025377371	18.6698320512108	17.5584894867401	17.6227746043166	17.6120920106488	17.4997364190356	17.380174578513	17.9343334937078	17.9303575309697	17.7035122782802	17.3322685962621	17.86472646213	18.5592845648211	17.6275961503646	16.3973862370651	17.770629487724	18.1578863267233	16.5720165717692	17.924198566645	17.2093487694932	16.2376087911535	16.2834142525078	16.6131786310085	17.9448318546324	17.5465403448276	17.8635546484024	17.7453742549508	17.7276240418882	17.9871152753393	17.5614063736557	17.8821038459315	17.7238498584108	16.9724871072705	-0.751362751140292	0.0587501885955242	0.179263395970959	FALSE
C8:0-carnitine	NA	NA	NA	NA	NA	NA	NA	0	20.9179489515216	21.688696602906	21.7132081603615	21.2640741070784	22.3376211099045	22.2716740050767	22.120460268597	21.6005110662794	21.3143387950062	21.492492534629	21.9297548926465	22.0132901443823	22.2338218312942	21.810180597027	21.2333687698238	21.2123237675421	21.8709911021401	21.8151104856275	22.079287896729	21.6487174787841	21.1851997698661	21.3894589785493	22.0218060773071	21.7202614115521	20.8558739667762	21.7582606634923	21.6268861436793	22.2300503140152	21.5389729218815	19.9604334535927	21.7338206937664	21.322936873026	20.9803781590311	21.8707946098506	21.6254472394725	21.470036319275	21.0732370241398	21.5372221806225	21.6997988181917	21.4569654165479	21.5639914981247	21.7292536860381	21.6959660922425	21.5005689824036	-0.195397109838865	0.371968557181036	0.481133242440688	FALSE
C9:0-carnitine	NA	NA	NA	NA	NA	NA	NA	0	18.4914991284766	14.5391296551392	15.7094804991447	17.0040222138258	17.3023344053945	17.5120825244642	17.1558485135802	15.8858651521618	15.6086062278571	14.7180024966554	15.7532382546618	16.0415859283433	16.883302636154	15.7027194909324	15.0228425757797	14.8298061691972	15.4217654649587	15.6768953252739	16.4056030681517	16.6494621452042	15.7986347626196	17.2072539398798	15.2368509261646	15.332552654965	16.8517439572342	15.1861343229707	14.339415896209	15.461547276979	14.2760910789247	14.8054639530926	15.3231287099411	14.2041848965358	14.2093449423828	14.874620051541	15.221366421281	13.793854329585	16.0992131514859	15.8241039684098	15.9821784037254	16.0184064198126	15.856025604133	15.9532917194298	15.5895552770493	14.6044165585445	-0.985138718504841	0.0305601511712129	0.15276670210951	FALSE
Canavanine	Canavanine	HMDB0002706	439202	405237	C00308	3238	N[C@@H](CCONC(N)=N)C(O)=O	1	10.1787856837924	14.3676933270822	16.2771093864028	16.0389747122264	14.6713617182217	13.5544991157014	12.9805244753594	15.8378380987719	16.7447192123594	17.1495180865847	16.7471117981856	13.8023403401356	13.1842393389284	15.955510555599	17.2137440524198	16.0199173098432	17.5401303866536	13.3150194887719	12.5947580756566	12.4350549210729	15.759467822656	15.5426709575329	12.9002769571451	10.6214358256223	12.7673109723002	11.8612014840086	13.7379989987884	13.6492876418051	13.808025803402	12.7232649163409	13.9906057016506	8.53404719478062	12.2469573361584	14.166498322756	15.6801274158943	14.2605080541066	15.4589045111987	15.4512360035816	15.3809359703124	15.3764257956442	15.4995802720537	15.3491047453569	15.538093522036	13.1464573375577	-2.39163618447824	0.0937096860867677	0.202753684442279	FALSE
Carbamoyl-Aspartic acid	NA	NA	NA	NA	NA	NA	NA	0	16.3956009070944	16.1829533813636	17.040474737498	17.3260919137684	17.1586137686659	17.6583728625393	16.1223913669181	17.2151116386959	16.1750843585287	16.4438617519506	16.4456388595544	17.5298339580431	16.1719687496793	16.4247957986911	15.8532351316217	15.6930424313029	16.1829489200583	16.5982855884182	17.4469581306455	18.3521874436317	15.8955613722343	17.6628488464302	16.8806770078612	16.6649825541004	16.7105358236466	16.7094387586382	16.379348606102	15.9210894333021	15.1481271160981	16.9360041767609	16.2220468124785	16.1009880503013	15.5232259001243	15.4719399271851	16.5416852390383	16.2381826692019	17.053979330577	17.2715804910425	16.8301661544628	17.0346578923563	17.0908046189789	17.1339552796912	16.1540461032953	16.0163447663882	-0.137701336907018	0.551039204484323	0.636637527511014	FALSE
Carnitine	L-Carnitine	HMDB0000062	10917	16347	C00487	52	C[N+](C)(C)C[C@H](O)CC(O)=O	1	17.4118944739945	15.8603477712933	16.5511158383271	16.9678931597112	16.886317576146	16.983408822121	17.5143753989282	16.5622491391303	15.6225144229472	16.2889748711521	16.3032266626584	16.844640419006	16.8733587131213	16.4671679907306	16.0255009483777	15.8045752297898	15.6188594972907	16.2828010518215	16.4468968451772	16.8771059715443	15.8402516783107	16.8424962421761	16.0254512565652	15.3959896983111	16.2290989409747	15.5392492863621	15.8701497782812	16.1692746124354	15.868965400791	16.0496587000688	15.9188502652566	15.0852481791868	15.3226515986481	16.3975423113786	15.544718771679	14.7309189602474	16.2404929374769	16.0953633264777	15.9226754348928	16.277101680789	16.403986385673	16.1965566919785	16.1787105718553	15.4999883477327	-0.678722224122547	0.0533216644272961	0.179263395970959	FALSE
Carnosine	Carnosine	HMDB0000033	439224	15727	C00386	38	NCCC(=O)N[C@@H](CC1=CN=CN1)C(O)=O	1	17.138056509959	15.0206513455682	13.629164851396	16.7940375497376	18.5830580187284	18.7633356969104	16.5432845509215	17.8371317329626	14.4913807881205	16.8424279065684	19.0910041226612	18.4260739778446	18.9355744600701	18.9776500946614	16.4747290588645	17.9825951101528	18.7045204486902	19.1178538199818	16.9577687404809	16.9677497432023	13.3691059352431	17.3074003810791	17.6555955955978	14.940831794099	16.3978256829114	16.715832686295	13.9331997969929	15.0461474401876	15.234451736783	18.2679206399506	17.3226918659209	16.0791258748368	14.9735393606655	17.8569428867033	19.0140737626721	16.4582167306474	17.4912364621233	17.3844326608005	17.5765503699011	17.5738061146667	17.5000416966994	17.3368445394192	18.3654871654035	16.950765080241	-1.4147220851625	0.0782988094882663	0.200450051076546	FALSE
Choline	Choline	HMDB0000097	305	15354	C00114	56	C[N+](C)(C)CCO	1	26.2310991758103	24.929538936254	25.3163135250961	25.5087401236167	25.4192717667988	25.8201080945689	25.428094277662	25.2345766511627	25.1239008589424	24.8729075331864	25.2266190854281	25.1405185270974	25.3904567545401	24.9693435454132	24.9218515898888	24.4603414544904	24.9619325517432	25.2490918345502	24.9450031831663	24.8859611943449	25.199234914526	24.9641003016937	24.8526521508255	26.038255556581	24.6076187732297	23.9164766171027	24.1791979311803	24.6231198013811	24.3769177657515	24.8263795672252	24.4679466393872	24.2771773433557	24.2806150025538	24.3811950149491	24.1445642043695	24.6185483171775	25.1019638407478	24.9396287915426	24.9945688010103	25.0446191914437	24.8314681127885	24.9929935531856	24.992169621771	24.3616744202988	-0.630495201472158	0.00312400056201812	0.146724636975947	TRUE
Citicoline	Citicoline	HMDB0001413	13805	49086	C00307	6229	C[N+](C)(C)CCOP(O)(=O)OP(O)(=O)OC[C@H]1O[C@H]([C@H](O)[C@@H]1O)N1C=CC(N)=NC1=O	1	18.8370737161085	14.430074854587	15.9463569264587	17.6838931635651	17.4188507437375	18.6377507957501	18.9870035608442	17.2369837935583	16.7359213264279	16.870593609809	17.9459785236952	18.354294449532	19.0462343863247	17.8787302057539	17.3960484456911	17.0325401831409	17.785695675109	17.9044315590575	18.0543708886166	17.156801787056	16.6391851229582	18.5270108375024	17.0289866381441	16.8070328207384	17.9997717474836	16.9715390219467	16.607148562175	16.9506943256157	16.9734145757888	17.6324048386167	17.2502041590103	15.5327027483746	16.4609990251556	17.0190876399606	17.1780991256917	16.1126204002513	17.5215401145493	17.4164743039989	17.549816964911	17.636197693784	17.5295760539938	17.6467726706618	17.8406134091795	16.5922855164074	-1.24832789277216	0.00992245359841659	0.146724636975947	TRUE
Citrulline	Citrulline	HMDB0000904	9750	16349	C00327	16	N[C@@H](CCCNC(N)=O)C(O)=O	1	20.5145034614865	20.7728407569588	20.5038342077573	20.5243136475272	20.552810459034	20.7338649086971	20.7611511364868	20.4764050273248	20.0054870396071	20.6174720246476	20.7940697460113	20.4709150523632	20.9087319080951	20.7471557413487	20.6846568972415	20.5581512618713	20.4826793036333	20.8254443680938	20.2837655439908	20.7501344782002	20.142350783253	20.7779796109138	20.7734326059194	20.1557329248018	20.2018185306016	20.2583186383242	20.7425544102195	20.6977258875547	20.8136544833405	20.2781156416479	20.5582539398503	20.4168065662713	20.5755036975186	20.7321804434744	20.6000824989897	20.3556978322072	20.3692381783291	20.5081351691388	20.4975017974429	20.5846240312668	20.482449723482	20.4217980377141	20.7011365800473	20.5397541630519	-0.161382416995394	0.089964196478678	0.200722316507467	FALSE
CMP	Cytidine monophosphate	HMDB0000095	6131	17361	C00055	5143	NC1=NC(=O)N(C=C1)[C@@H]1O[C@H](COP(O)(O)=O)[C@@H](O)[C@H]1O	1	22.1675741833121	19.7804256078008	20.3734955117302	20.5550572204347	20.8749149793886	21.0787732812666	21.363863659777	20.3687156546417	20.0192092319768	20.19733348997	20.6166295291749	20.7913044408456	22.3800319505058	20.7594188257159	20.2846840466156	20.5982464647057	20.4797349186309	20.9339597774281	20.6668194953212	20.4008302339951	20.0990081990786	20.4969354210013	19.997014777105	19.9787692288094	20.9763449910321	19.6285211069151	19.7033074527264	19.8539333025323	19.6014419162645	18.2712132849405	20.4792150032313	19.0719014518057	19.2969870387486	19.8580518463306	20.1717573833095	18.9787096126599	20.4084487464643	20.3218231249662	20.5633099644111	20.4719552272935	20.4394811863335	20.5057382155874	20.9060126639337	19.6427703893476	-1.26324227458603	0.0104991942924222	0.146724636975947	TRUE
Creatine	Creatine	HMDB0000064	586	16919	C00300	7	CN(CC(O)=O)C(N)=N	1	24.1720030029822	21.9933154762759	22.6151784292406	23.6140708178095	23.9950749199071	24.5058517008018	24.1146188824817	23.246974589723	22.6367923615424	22.886570522764	23.5484905715581	24.5792649654282	23.4471982798878	23.2273439740556	22.4379640647742	22.9608879555586	23.6988491239712	24.2844826170086	23.8914120015692	23.4390284946193	21.9596349841329	23.8797154907468	23.3483245230737	23.5800462027279	23.0750423494116	22.7725921162859	22.1222287970759	23.1539820938887	22.5709535971189	23.5583474796827	22.9592664962679	21.7247443792353	21.6961510034834	23.2220511855857	23.4023014675407	22.9070224058961	23.3763473943268	23.512397957055	23.4539580864526	23.4821573307047	23.4455294394012	23.4794456355108	23.3427876692093	22.6519228230015	-0.690864846207802	0.116486088843969	0.227243353646432	FALSE
Cysteic acid	Cysteic acid	HMDB0002757	25701	21260	C00506	332	NC(CS(O)(=O)=O)C(O)=O	1	15.3870419825792	15.3796367594363	14.9014685360644	15.2707137637989	15.0523262878567	15.8483197122955	15.8251182565306	15.3270984860948	15.0108752375283	15.8212827630654	15.2955144429368	16.0121959422767	15.9202459958077	15.4207301898201	15.5198893429126	14.4035121453017	15.5751437798016	14.7389777006105	14.7047960508448	14.8469762098363	15.2264199624574	16.2312025994791	13.9362340925685	14.7440434622807	14.6547955070992	14.320967857683	14.4912658437748	15.1888609239864	13.6525992918097	15.5034193135777	13.95484613758	14.7793067216711	13.714699768418	14.7834449141417	15.026772161052	14.9892865566884	16.1521619857454	16.302251191125	15.9900084599502	16.1825788000913	16.2045294478114	16.2415928516562	15.2630831923757	14.5413927099252	-0.721690482450514	0.051968416112407	0.179263395970959	FALSE
Cystine	Cystine	HMDB0250712	595	17376	C01420	NA	NC(CSSCC(N)C(O)=O)C(O)=O	1	17.672920052313	20.4122228066619	18.5917986450359	17.018175514882	18.1954320215796	16.9120572468598	17.00773456742	17.5964815115389	18.7398429452703	18.027796013763	17.9368730645268	17.3711748665296	16.8656435828417	18.0867836376247	18.2904895905391	17.6193143869287	17.5508565597797	17.2966540557743	16.8288956162789	18.8368129951606	19.3335684626966	18.4268787879774	18.0325162135228	20.3210306155972	16.98926688346	18.0033130383144	18.2828498098286	17.7657828908877	17.3754406683896	18.3704328049213	18.209734793271	18.4438837629645	18.8811836778762	17.8311253712061	18.1501953203711	18.5370752415564	18.5897810353709	18.4308661233569	18.6674353132397	18.4919913765462	18.6338719138893	18.0349567197114	17.618290302248	18.3421996945409	0.72390939229285	0.0207400842845609	0.146724636975947	TRUE
Cytidine	Cytidine	HMDB0000089	6175	17562	C00475	3376	NC1=NC(=O)N(C=C1)[C@@H]1O[C@H](CO)[C@@H](O)[C@H]1O	1	25.0683742140341	23.9899933547709	24.2858891604984	24.7012459856001	24.1680527029499	24.7211070776521	24.9171838860414	24.2558513435371	24.2339339071541	24.4334123480242	24.0801836191761	24.4662075090984	25.1549718786917	24.5658646427647	24.304252152664	24.4849385865506	24.403410769701	24.4044487290657	23.971183877637	23.9697331709151	23.6203216257151	24.5480505175508	23.7144329570132	23.8620557540459	23.9569879436631	23.6376137399313	23.7009697400916	24.2343307645029	23.9264156750924	24.115247247175	24.0027175801021	23.3530786363735	23.5624475733986	24.367329458579	24.2155681013914	23.3042663893237	24.2534661840714	24.1816711237013	24.2465836337011	24.1408807599463	24.2312708079268	24.2239474876248	24.552981126573	23.8009012898614	-0.752079836711587	0.00881577762715822	0.146724636975947	TRUE
dAMP	Deoxyadenosine monophosphate	HMDB0000905	12599	17713	C00360	3461	NC1=NC=NC2=C1N=CN2[C@H]1C[C@H](O)[C@@H](COP(O)(O)=O)O1	1	19.0745665630272	17.6619003508389	17.4736630798812	18.2526900036029	17.5573050768987	17.5773375030449	18.3718781904178	17.7826272654864	16.9231753309218	17.7990783284726	17.6278925565273	17.9044330420824	19.3056258626729	17.5982511224716	16.8646417558954	18.3254015664027	17.8931944323074	17.5416162255729	17.3755844451549	17.877520854792	17.0503147831714	17.9921605116613	16.700050176097	17.2148077236743	17.8287626085448	16.7742117505467	16.7885804331205	17.3176424958218	17.1682297353374	15.6698254031462	17.4154184706198	16.5254093976788	16.2283776223892	17.0509298538605	17.0762566302153	17.1124883125769	17.5368607755498	17.4424609986355	17.7339478166123	17.6299311586941	17.5723916418811	17.4918185109959	17.9214551608872	16.9014800478901	-1.01997511299707	0.0300941258196888	0.15276670210951	FALSE
dGMP	2'-Deoxyguanosine 5'-monophosphate	HMDB0001044	65059	16192	C00362	NA	NC1=NC2=C(N=CN2[C@H]2C[C@H](O)[C@@H](COP(O)(O)=O)O2)C(=O)N1	1	16.2443180750265	12.9551089534815	14.1847768669349	15.38485213621	15.3695961259713	14.0996773996364	15.2293508761648	15.0186123097052	13.9873567377834	15.3505115844579	15.1918897314419	14.9102318045837	16.7769084512537	15.3454564924618	13.0608787484359	15.5054734375337	14.8456153276918	14.6417676586467	14.475094148978	13.9691806797674	13.9295204605629	14.3217111100573	14.1030569939903	13.539274252391	14.8569879382548	13.89613429791	13.6866147433145	14.71269407267	14.4458857355736	12.0029838734606	14.8398658150889	12.0017907031241	12.6066957421312	14.7366913963518	14.7800129338174	13.5831793620599	14.4070155155701	14.8389985398906	14.9303471640297	14.620670550891	14.8482491183912	14.6005766812289	15.0293500193373	13.7580393254289	-1.27131069390842	0.1029296907005	0.211183330919991	FALSE
Dopamine	Dopamine	HMDB0000073	681	18243	C03758	64	NCCC1=CC(O)=C(O)C=C1	1	20.7656996743675	15.6879080659234	15.3683210671711	18.3654113198521	18.3210661719141	19.2962300445873	19.0910026278433	17.1396593886101	17.5844581495349	17.7132176023489	17.9225040246709	17.7493570859656	20.4129628010392	18.0417746940379	17.9535208587346	17.4796554395879	18.0472094731837	18.111285026402	17.0642220353917	17.8554086950766	17.7497372345123	18.5996642965577	17.0817664162842	18.5381271627716	17.9625253794502	17.1620414685914	17.0399247313715	16.8459229035508	17.3947228960229	18.0360818203083	17.8299637607063	17.1529261188633	17.3193993559165	17.973188957197	17.7643575455368	16.6912802085127	18.1121458328203	17.8935447210038	18.0477971930647	18.1059727797682	17.9102290374955	18.0867987341906	18.3410680488309	17.4551859911221	-0.885882057708784	0.100464813323036	0.209742329569146	FALSE
FAD+	FAD	HMDB0001248	643975	16238	C00016	6106	CC1=CC2=C(C=C1C)N(C[C@H](O)[C@H](O)[C@H](O)COP(O)(=O)OP(O)(=O)OC[C@H]1O[C@H]([C@H](O)[C@@H]1O)N1C=NC3=C1N=CN=C3N)C1=NC(=O)NC(=O)C1=N2	1	18.3054886490371	15.4219917157287	16.2879354617442	18.6626635166486	17.6434208289033	18.1603908172016	19.2263341729633	18.669832724401	18.2733909302547	18.3444515519224	18.7583370609053	18.4234708788484	18.3684376646556	18.8055287231532	18.8291523673511	18.0149439520999	18.6833213860069	17.935331572421	19.0444309203246	16.8652144070171	16.6462603542377	17.0795709704475	18.4684866814325	16.7755432328197	17.5910799121066	18.6473022569734	17.7628848847489	19.059130754456	17.9241950226356	18.758398367807	18.4014551376764	18.2683434561653	17.8465495942376	19.0261996910684	18.7899337339105	17.5233942204505	18.122877309632	18.0899658212885	18.1045329064765	17.942069429898	17.9446434626625	17.9143201556881	18.439452610948	18.3093126389181	-0.130139972029827	0.654487431132553	0.714532149585081	FALSE
Folic acid	Folic acid	HMDB0000121	6037	27470	C00504	246	NC1=NC(=O)C2=NC(CNC3=CC=C(C=C3)C(=O)N[C@@H](CCC(O)=O)C(O)=O)=CN=C2N1	1	23.5995520264049	23.6841577319801	23.6063819069916	22.6211579310991	22.7461387738758	22.5892556774132	22.2500442427119	22.4832122668883	22.5432731067451	22.9697789195737	22.1688143613693	22.7039901558445	22.7593650789857	22.2303368319483	21.9124691655478	22.514281722884	22.4117802206967	22.358640981098	22.103530700653	22.9863289348924	22.8718834344084	23.427884916303	21.7534126018915	23.430041564146	22.8539428135192	21.6507887885304	22.1914082767178	22.007357687842	22.4176819361181	22.1196102456745	22.26838189315	21.8727499266384	22.3275000586626	22.0167813041505	22.1678447978362	22.4689355832067	22.6180267946119	22.5227931592894	22.5482711268531	22.4644660490906	22.5308926877741	22.5729440287133	22.3644790001934	22.1870322606074	-0.177446739585999	0.253143630918607	0.391221975056029	FALSE
GABA	gamma-Aminobutyric acid	HMDB0000112	119	16865	C00334	NA	NCCCC(O)=O	1	19.4060937482578	19.5997711690721	21.5205726681765	19.0451895818026	21.2232022185478	21.0135401980663	19.9197106275877	21.6321654736219	22.8072137077593	19.2910863209091	21.359229783358	21.2731382459139	19.7447749708164	21.6254614721357	22.949706808184	19.4608682613923	21.403605726378	21.3641126782075	18.9785159272982	20.4299917808655	20.5666058184352	19.6274986441841	20.6496992230086	19.3814181752522	18.6054777811028	20.5134855534497	21.2083951506769	18.9661518221675	19.5796504362351	20.7942500656965	18.9967530442207	20.003316626287	21.5888064720881	19.6898872771573	21.5211021629917	19.4476346855406	20.9755525699488	21.0590672997436	20.9611920459664	20.9234788176577	20.9712420413703	20.9061932653926	21.0914216528523	20.2079167113809	-0.883504941471418	0.231367452948011	0.382398984733518	FALSE
Glucosamine	Glucosamine	HMDB0001514	439213	47977	C00329	266	N[C@H]1C(O)O[C@H](CO)[C@@H](O)[C@@H]1O	1	20.6878230447083	20.6710336331597	20.9596168570294	19.8031313950629	20.423727037382	20.3849968791045	19.7469686146652	19.9718406444786	19.8283549584162	19.9694796015138	19.7407943571387	19.9824413961681	20.5022207850659	19.9353967409787	19.4389814764284	19.7003559332962	19.6139966014511	19.860733204355	19.2006739765888	20.3552531747359	20.3245183123321	20.61667709389	19.7011309814379	20.5972491002179	19.8007641891507	19.2427778868281	19.7344506580564	19.4348128554929	19.6594150788303	19.6909212481395	19.8650881270634	19.6213968099745	19.6734772695155	19.3449048572236	19.8118642010626	19.8597839401098	19.9669240396145	19.8159865837581	20.0236704337399	19.9434280076884	19.9619771104871	20.0430677853752	19.8419474569292	19.6960858674916	-0.145861589437665	0.419536518065435	0.520050475518612	FALSE
Glutamate	Glutamic acid	HMDB0000148	33032	16015	C00025	5174	N[C@@H](CCC(O)=O)C(O)=O	1	28.673466468868	27.5927196082465	28.1451624088331	28.3493533788836	28.6241466811091	28.8338164665686	28.5035740050697	28.2794577210838	27.7274473877288	28.2056204695617	28.3085410427675	29.0058461491517	29.0015177522755	27.8864864748953	27.575420564457	27.6443921119897	28.6261430270375	28.2194494605858	28.3389718351524	27.9857956633623	27.8368576609187	29.2980816971992	27.6523768198406	27.8639033083651	28.2934939843193	27.5621542419262	27.428264041334	27.6534865319988	27.3270904271531	28.2678937215342	27.6615906396218	27.2818415659823	27.1481475278734	27.6864734545223	28.2755912177953	27.7677439321219	28.5249658759885	28.623261426855	28.4353838503263	28.5301632087294	28.5469003227367	28.5176027494883	28.1589015652068	27.6368980563195	-0.522003508887302	0.0984451725567163	0.209195991683022	FALSE
Glutamine	Glutamine	HMDB0000641	5961	18050	C00064	5614	N[C@@H](CCC(N)=O)C(O)=O	1	22.2810941818419	22.5144666460763	22.8391574282555	21.7774400041712	22.3593457004562	22.3973237147174	21.8497851126262	21.816648802755	21.7623456348361	21.656019097124	21.7393953185301	22.0838604700991	22.03517108134	21.3888510750929	21.3305190143036	20.7040402715875	21.7530733899581	21.7127267476736	21.71270387564	22.1648958565402	22.3541314588792	23.0153514600467	21.1142550928709	22.3111015905597	21.973264737227	21.0107892307678	21.0887018842228	20.9005225671982	20.5140971844759	22.1865688787795	21.2363362449231	21.0885235399975	20.8987294740992	20.407121586901	21.8072369218025	21.2965450856459	22.1193565028765	22.2077010774956	22.0040235029852	22.1317155494032	22.134418962116	22.0137127017162	21.4873969299926	21.1224154755615	-0.364981454431089	0.202142864316496	0.343642869338043	FALSE
Glutathione-NEM	NA	NA	NA	NA	NA	NA	NA	0	26.8368969097693	24.2995129315171	25.1471826372745	27.0683489443874	26.7948947687642	27.3349327311718	27.0750824409223	27.0416968711493	26.5090520191772	26.1223049039244	27.0022041659221	27.181239100602	26.3505056463889	27.1860913752635	27.0242018625063	25.6925095403626	26.7535020659693	26.6468653777069	27.5839264213064	26.6831178288007	25.64687041494	26.5116996347166	27.2349160248169	26.274554808475	26.4535870459748	27.0765017248924	25.9640654630106	26.9918791559591	26.0448032318372	27.122986577109	26.5704176794805	26.2804330386971	25.8105440415042	26.887022216298	27.0207392132941	25.5644028306373	26.6969353167981	26.5821694304121	26.6910476760337	26.5561836655916	26.5410003727718	26.5369465109676	26.6089459780329	26.3555931699852	-0.253352808047708	0.45143145802532	0.542629732373869	FALSE
Glyceric acid	Glyceric acid	HMDB0000139	439194	32398	C00258	280	OC[C@@H](O)C(O)=O	1	13.1430437637863	10.4895431895222	8.7731880692313	12.6346694522321	12.3634316296472	12.519438295459	12.6507599443483	12.1640636333072	12.4422179041682	12.495280765943	12.7679819761234	12.9179952989483	12.9931243872314	12.119448515348	12.5901246996701	12.5478125874863	12.776011213201	11.6237792113778	12.0972984726329	12.3448747037003	13.4288654331747	13.7506775814894	12.8124505868916	12.3654229566077	12.5814399639808	12.7391880405249	12.4977018325188	12.812058144053	12.7923902908924	13.4744706837116	12.1587474833075	12.9007632499607	12.4324835353034	12.4740832581831	12.0639667842224	12.973946944051	13.1511740103904	12.6167585688259	12.9794341971417	13.0379806193924	12.9167173503922	13.1139430284702	12.4417167690524	12.5006652091713	0.05894844011892	0.820747730749914	0.856745438238945	FALSE
GMP	Guanosine monophosphate	HMDB0001397	6804	17345	C00144	6216	NC1=NC2=C(N=CN2[C@@H]2O[C@H](COP(O)(O)=O)[C@@H](O)[C@H]2O)C(=O)N1	1	24.6383925343161	21.3722535188157	22.6948147100941	23.8554668161642	23.6789984263408	23.420581794023	24.1092100031573	23.3937685604302	22.7489946534302	23.4040341880995	23.8349203041699	23.9596628658803	24.6518942470201	23.7366004122737	23.0506656107466	23.6371321269833	23.8424985225904	23.0919293439058	23.2201832262878	22.645999268344	22.2589999143214	22.4159466225491	22.7970379109973	21.3874672092567	23.8460897740055	22.7648100905168	22.6072395278736	23.2472772643954	23.1057853795701	20.0451745462002	23.3070342481718	21.4133036054589	22.1830258301445	22.9938540848414	23.378090494025	21.269135652466	23.1612217771524	23.1607606045297	23.3406227214443	23.2723924636795	23.2713288031495	23.2071162164638	23.6684533772533	22.4240739858512	-1.24437939140206	0.0240388847654671	0.151432547623119	FALSE
GSSG	Oxidized glutathione	HMDB0003337	65359	17858	C00127	6893	N[C@@H](CCC(=O)N[C@@H](CSSC[C@H](NC(=O)CC[C@H](N)C(O)=O)C(=O)NCC(O)=O)C(=O)NCC(O)=O)C(O)=O	1	18.1797159771985	19.3656777000305	19.6316660111926	16.5559561316472	19.5405697051126	18.6879832399918	17.208960142209	17.4937391596258	17.6467541017196	17.0068957510185	17.8319428877562	18.7671116228501	17.1755458637831	18.0050001505947	18.3080504338235	16.0334686223471	17.5354718259365	17.9490358831031	16.6359488616752	19.7574057246218	19.6417459114691	19.3168424703851	17.9107115712601	19.5158763026494	18.0002206305408	16.6754788143188	17.6617029686683	16.5786919804214	16.9256446738714	15.1482390061168	17.4600481552774	16.1604033977735	17.6438627945978	16.2880956159273	17.6670849799881	18.0970772382662	17.8651564743904	18.280045484368	18.5190282067845	18.3873106855044	18.3511126474117	18.3040044915859	17.5010954632647	17.2194286969717	-0.281666766292972	0.560494017690955	0.641334501011766	FALSE
Guanosine	Guanosine	HMDB0000133	6802	16750	C00387	87	NC1=NC2=C(N=CN2[C@@H]2O[C@H](CO)[C@@H](O)[C@H]2O)C(=O)N1	1	19.5864314037708	15.4058826826923	15.150591169422	17.8473412196381	17.4857983632719	17.5744697680628	18.3255458388468	17.3738342143984	17.5198030056818	17.5618115692852	17.6814696784469	17.9285595998971	18.8438844214283	17.3664129126483	17.5000398685135	17.3583517056884	17.7797430017256	17.5982437674661	16.6098613413536	17.245485025418	15.9025888397851	17.3564608726943	16.8163460467521	17.3517796805606	16.8708431892388	16.5194773160709	16.0172880806785	17.1545567392727	16.7048316314076	17.2543843470076	16.657667871383	16.840621601449	16.1636158009389	17.770115824584	17.6461439207078	16.2948257523036	17.5135884718923	17.3429118817832	17.5408130629628	17.2023450381609	17.3931133304752	17.2052792082197	17.7411126129117	16.8954984618944	-0.845614151017315	0.0410684284245645	0.169026958909136	FALSE
Hexanoylcarnitine	Hexanoylcarnitine	HMDB0000756	3246938	84834	NA	3548	CCCCCC(=O)O[C@H](CC(O)=O)C[N+](C)(C)C	1	19.4422687942076	18.7573572148469	18.306618846471	18.4900449024123	19.2747185851665	19.3496827328978	18.4397593913444	17.7417426130761	18.8227442158477	17.9028589761637	18.528616586808	18.073857116097	18.434020309561	17.9825325661275	17.7992754325483	16.6996143460315	17.8385049420358	17.8794943616836	18.4054067349444	18.710947338207	18.2722925127654	17.8552076702787	18.2347358754802	19.4340424511947	17.3001986660199	17.0556018381541	17.8434892697082	18.6204804375955	17.6322015477139	18.8821594845454	18.0475357917315	17.9150716259972	16.3532629561203	15.6442889438013	17.4022277262513	16.7484154960318	18.1523101559034	18.439652067228	18.5539825689875	18.0826840536714	18.2727817293839	18.3481484181434	17.7722403263313	17.0184670899889	-0.753773236342376	0.130859183742542	0.239572967159424	FALSE
Hexanoylglycine	Hexanoylglycine	HMDB0000701	99463	64390	NA	5669	CCCCCC(=O)NCC(O)=O	1	12.4835833927163	11.6938001595128	12.2711998019241	12.8520299322834	12.1484168991286	12.6525787553006	12.5399356236193	12.6343049045795	13.0282809766862	12.9465944430432	13.1333819856051	12.2849792400014	9.74255571738274	12.6877615599691	13.1171242460951	11.9126799327051	11.9311087681975	12.0280836754945	11.9319975007352	12.2396400404416	11.2567816325607	11.743584158753	12.1731575260715	11.8190352727326	12.2405316153325	12.5909175372818	12.9293963832424	11.8494304905932	11.7902245675096	10.5121406628362	12.1574368486557	12.6440207900854	12.3011578910612	12.2173880382391	12.6123477016344	12.3448367963417	12.941330971038	12.5026946445761	12.6885827770543	12.9238518754984	12.8399635477015	12.8154531523464	11.9032189833073	12.3795313443362	0.476312361028901	0.366312106449332	0.479023523818357	FALSE
Histamine	Histamine	HMDB0000870	774	18295	C00388	68	NCCC1=CNC=N1	1	15.0004460332369	14.7132250560616	14.8587248945518	13.500293391888	15.3986334608166	14.4572641158374	15.2666883902535	13.946984063879	14.5878139201316	13.0848824133642	14.4864924419845	14.210321458467	15.3601605562927	14.5769905812178	14.8087106059194	14.2304342547458	13.5239683673548	13.2358619418576	15.2262821471777	15.6141857006362	15.1465187656317	14.4909449878416	13.7149812247416	14.5337086570854	13.591972205839	14.2099365129248	13.8381342164894	13.6463233946484	13.6797009128132	12.9789561274381	14.5845075186383	12.9905769087238	13.6526146991529	12.4396986215255	13.7712921387784	13.2644493530206	14.3543617753863	14.3762089266621	13.9458514096512	14.0772137242735	14.4181932144657	14.3704463747419	14.2893543845647	13.4505232066399	-0.838831177924789	0.087958220948773	0.200722316507467	FALSE
Histidine	Histidine	HMDB0000177	6274	15971	C00135	21	N[C@@H](CC1=CN=CN1)C(O)=O	1	21.262993976159	20.973508431352	20.4882612839215	20.5592886167544	20.6060854333711	20.4117019533453	20.4822540072092	20.1590230846575	19.8430184611092	20.4513492279746	19.995130506297	20.3213716245314	20.9872819255821	19.6685373473417	21.3058694516047	19.4220290290101	20.032484966114	19.7828995116899	19.5359532073962	20.4383682528952	20.5973113133779	21.7508043376591	18.9469849944043	20.2832677820818	19.9453186848023	19.1826300316039	18.6549467423179	19.4185287307061	17.9539240699766	21.4871436672009	19.2190917232456	18.8381917585167	18.8254953187887	18.4757770399504	19.8700052747629	19.5658555770037	20.5261476922203	20.7768953527492	20.4265269549176	20.6203456168841	20.2515427971079	20.5314264193307	20.1998503718904	19.1324027820447	-1.06744758984574	0.0203239349837238	0.146724636975947	TRUE
Homocitrulline	Homocitrulline	HMDB0000679	65072	17443	C02427	46	N[C@@H](CCCCNC(N)=O)C(O)=O	1	19.5920843959171	19.3163853993981	19.2407414573472	19.1164679027407	19.1949132784722	19.2614310044373	19.0752178496617	19.1705780738598	19.3317718370356	18.952141683614	19.0156060528166	18.6676224535743	18.9047920921133	19.0448543783403	18.9962804850742	18.4313137433537	18.5342742082409	18.6511013218692	18.795398382941	19.3405564874097	19.0831926442374	19.2275683393421	18.7114663449171	19.4341451472451	18.7425199831741	18.6533082341852	18.4145599086179	18.9172937542999	18.299504549942	19.1271498889981	18.8535509584625	18.9085276510175	18.4492616066739	18.2897760122322	18.7740414693881	18.5371915556849	19.0650139641476	19.0617495285034	18.9868084124026	18.9530234480529	18.8645379832995	18.8114442136089	18.7604360381653	18.6353915422432	-0.125044495922108	0.409856938676017	0.513399744236274	FALSE
Homoserine	L-Homoserine	HMDB0000719	12647	15699	C00263	5687	N[C@@H](CCO)C(O)=O	1	15.5473433170803	13.7255738061345	15.2782330947315	14.8231155924192	14.9584269952112	15.6241026945793	14.6470862936746	14.0678295754799	14.6006557451445	14.4647637462189	14.5649448451965	15.0059096502067	14.7314006099407	13.7371448526812	14.9824276300125	14.4194380673504	14.5880857223713	14.5388486649963	14.0671423518479	14.6908143918924	14.2442797284839	14.6351492907479	13.7601369549063	14.7486139921585	15.108753067523	13.9729722702156	13.925221489377	14.2660947331486	13.1630749557435	13.7392280941576	13.4972785835367	13.9601253380525	13.9144184361618	13.3242621418261	13.4625354766953	14.3948592144456	14.6900178651037	14.3987937118462	14.6995413651731	14.6339529778734	14.6839661833724	14.6529784463616	14.4995575912254	13.758913198453	-0.740644392772383	0.0110281054432347	0.146724636975947	TRUE
Hydroxykynurenine	Hydroxykynurenine	HMDB0000732	89	1547	C02794	5700	NC(CC(=O)C1=C(N)C(O)=CC=C1)C(O)=O	1	17.7984084204344	17.9756800116761	17.9209281402717	17.2741936310454	17.5773766925633	18.0732658375996	17.7698672319928	17.4381640051053	17.587670954418	17.4604126072896	17.5411075565523	17.2455890990492	17.6252860216714	17.9736364632109	17.6883108149862	17.0806576591819	17.2426613811793	17.4002365795055	17.1592161338106	18.1760441832831	17.46670711536	17.7582472820028	17.233643818521	18.1495161947104	17.5662764050449	17.6573534599147	17.5899407447956	17.802950055689	17.5459981725898	17.7036460169849	17.6896196946993	17.8441800139553	17.652892798586	17.473137092892	17.6285428203734	17.8170364250576	17.6271777571159	17.568977072849	17.7346789175188	17.6882725778336	17.4836927246812	17.445685469756	17.5017981532892	17.6842348075939	0.182436654304727	0.246577630742087	0.388391853312578	FALSE
Hydroxyphenyllactic acid	Hydroxyphenyllactic acid	HMDB0000755	9378	17385	C03672	5723	OC(CC1=CC=C(O)C=C1)C(O)=O	1	15.2767899435169	15.0885857073443	15.5396183118595	14.4357281296854	15.0572169479789	14.9983413758865	14.7791279957042	14.5391898558649	13.9412563270526	15.1249284155343	14.8352481252139	15.3676941187186	15.0771196422112	14.318070167757	14.4897188908967	13.8500423156997	14.4460719518822	14.7081602907685	14.6468742106318	14.2633997897646	15.0496412275286	15.7155682947453	13.6222656412699	14.7095339290002	14.5113389115242	13.8569299139	13.7695568739284	13.6852168593655	13.3794528339914	15.0252301341527	14.0344267105819	13.2700557954101	13.9033129589749	13.6394645014999	14.5543372855776	14.3284141451853	15.0666104759278	15.1503453840863	14.9770592931719	14.9414293980641	14.9868220812811	14.7213424103911	14.4815305432026	13.9550018995383	-0.526528643664276	0.0638792951105503	0.185405758979402	FALSE
Hypotaurine	Hypotaurine	HMDB0000965	107812	16668	C00519	281	NCCS(O)=O	1	15.5764763798293	15.7882234144708	14.885236158289	15.518599834838	15.2511885647272	15.4888117875651	15.0489020658784	14.2070663415473	14.8992130588495	15.1250582938852	15.6307994085981	14.6541815449286	15.2848006620222	15.0055176329164	15.8354628127112	15.3798543592876	15.2780477563501	14.7562415753194	15.2169330156571	15.5615940706413	14.9359782617319	15.0474873572152	14.951239129091	15.3776199095597	15.6878243424588	14.7810565973793	15.0113975549445	16.2907759439475	15.1800168644811	16.6318178540672	15.5556188501866	16.2436837200558	15.6661743934941	15.5331485459446	15.9805562670601	15.552674889114	15.7137634519371	15.5725139509165	15.5311649394875	15.8615281941062	15.659648904784	15.2902782840106	15.2566541331011	15.7553094443092	0.498655311208081	0.0268389852291072	0.15276670210951	FALSE
Hypoxanthine	Hypoxanthine	HMDB0000157	790	17368	C00262	83	OC1=NC=NC2=C1NC=N2	1	23.3156402568282	17.3777942495448	17.7635635607491	21.0079214038349	21.2727344330861	22.040558568637	22.1019019671738	19.4300026984488	19.9313476273216	20.0365653492871	20.5078394663304	20.3957937950675	23.10156507393	20.8498419874774	20.4746821982952	19.9998779504451	20.9458717357878	21.140944841509	19.8409257197171	20.6068436878797	20.5613926070257	21.4917727897845	19.8969704175582	21.4214627887514	20.7279320786226	19.583972813297	19.7528122682879	19.331995319014	20.2229635556236	20.8155203519308	20.414512472806	19.2062750432843	19.9403792617358	20.8493833650584	20.6529174655914	19.373347744526	20.7081857993135	20.5070835408614	20.8277642232184	20.7814345280154	20.6719647686867	20.7019370801062	21.0854639645741	20.0728025588336	-1.01266140574045	0.0835833134041979	0.200722316507467	FALSE
IMP	Inosinic acid	HMDB0000175	8582	17202	C00130	5196	O[C@@H]1[C@@H](COP(O)(O)=O)O[C@H]([C@@H]1O)N1C=NC2=C1N=CNC2=O	1	26.8301989427422	20.1793339633327	23.0196094970398	25.6033140378031	26.0697477575354	26.4653250802892	25.9943542002188	24.9643841842661	24.1596306783897	23.945564128406	25.4258376712098	25.9738422714351	26.5065797628803	25.4526648738704	24.741299405003	24.2286066910311	25.2199781797954	25.1988468338304	25.8411453093559	24.8142131601682	24.6074444585821	26.0098007127647	25.0737643415241	24.0218615596936	25.54535367849	24.2230325068509	23.856997284381	24.5900627731737	23.9183684127478	24.6416989537984	25.2058414432977	21.300692231255	22.9877074097995	24.2136773772278	24.8792334395685	21.8030603954326	25.103517441884	25.1979773000377	25.2878827205704	25.2495447722049	25.2336234351871	25.2363673449766	25.2246626244017	23.3983687160968	-1.8262939083049	0.0412141278625043	0.169026958909136	FALSE
Inosine	Inosine	HMDB0000195	6021	17596	C00294	84	OC[C@H]1O[C@H]([C@H](O)[C@@H]1O)N1C=NC2=C(O)N=CN=C12	1	18.9632859051736	17.2195873070173	17.5254856871732	18.9064059580601	18.6757970229689	19.219679262483	19.375115377417	18.388816772891	17.6608909718543	18.1524269976742	18.6598109652675	18.3624633734274	18.9208700058523	18.6878424947851	18.4987511551473	17.9303677514819	18.2253786055838	18.414079029156	18.7490678288055	18.1677589373808	17.6566672201841	18.7017740912828	17.8485505288072	17.8680734752808	17.4304788513709	17.7202274711995	17.3222708386536	18.111137893362	17.3080521568252	18.9971832184676	18.1765133302256	17.0589254082714	16.8732944424446	18.1309784303655	18.1955941955006	17.161936953047	18.0427787493138	18.2953336697508	18.3976715068773	18.1774745558457	18.162451290802	18.3040805525006	18.4462148403344	17.5995404599758	-0.8466743803586	0.0209606624251354	0.146724636975947	TRUE
Isoleucine	Isoleucine	HMDB0000172	6306	17191	C00407	5193	CC[C@H](C)[C@H](N)C(O)=O	1	23.6563829410131	23.223195626208	22.837825190094	22.9448512387784	23.0109104712018	23.0872609060515	23.1343520527488	22.9766296877221	22.818993562257	22.8122436260465	22.7631401687287	22.7424662324971	23.2691222292908	22.763066581517	22.8250509331351	22.5150481537435	22.481532259772	22.7304963486585	22.6106875646747	23.2050600347534	22.9163918611967	23.0967803075317	22.4853557444981	23.352457150062	22.7465796094041	22.3622882911995	22.0853084960177	22.8064877592603	22.1342353138344	23.0345974742025	22.8945667875396	22.6591713834743	22.3000272783635	22.2721019101023	22.7123000182638	22.4888629863246	23.0080372010834	22.8761464149497	22.9320386827239	22.9202265981173	22.8469296375731	22.8279160457307	22.7640527510195	22.554505060678	-0.209547690341445	0.201334403024329	0.343642869338043	FALSE
Kynurenine	Kynurenine	HMDB0000684	161166	16946	C00328	72	N[C@@H](CC(=O)C1=CC=CC=C1N)C(O)=O	1	14.7147097696369	13.7870957404125	15.0158942629151	15.6685194979706	14.8355292388013	14.5928866761281	15.4728946975223	15.5039841959798	16.8635103217093	16.9019602788484	16.0407435278583	14.8777971778908	14.9057216998363	16.5773825162387	16.627927690684	16.4005566875366	16.2801686779384	14.6649762574105	14.7289834858032	15.1489820589234	14.8843242452458	14.4210537683889	14.7721253392508	14.5327347352092	13.6871088925155	14.1326903720734	14.8224140334038	13.3141860675476	14.5414966935191	14.8379527183147	14.4211576875674	16.0603622485554	13.8237097190413	15.8707854678792	15.485114009532	14.8499233175618	15.4504057373302	15.2541929368158	15.2839913898604	15.3631433127057	15.0507355154781	15.3709167310539	15.9094555882741	15.0851754083562	-0.824280179917894	0.135086530461478	0.243565107953272	FALSE
Lactic acid	Lactic acid	HMDB0000190	107689	422	C00186	5205	C[C@H](O)C(O)=O	1	25.2545112595553	24.6021055006816	24.8337981683907	24.7282257056211	24.9312470185337	24.9924086621622	24.6497949029605	24.2440360455597	24.0253271649441	24.3667312456551	23.9422681357957	24.9199422447746	25.2105373800965	23.6307827769624	23.7374519712899	23.8779356616626	24.6604977829623	24.1838567470168	24.8609779180485	24.6175088629364	24.5155800115854	26.0361634752773	23.8650775727558	24.7157099018211	24.394664125273	23.6063173503321	23.6268311671084	23.8870733048473	24.168702084867	23.8698537278527	23.8754544917632	23.122932256828	23.1719558144392	23.8460026636553	23.8807352870517	23.8928056370011	25.1850770030221	25.2476351086	25.0210515011927	25.0766110500815	25.1678707726876	25.1181742696011	24.2168437199984	23.6316476917898	-0.585196028208657	0.0797553862227031	0.200450051076546	FALSE
Leucine	Leucine	HMDB0000687	6106	15603	C00123	24	CC(C)C[C@H](N)C(O)=O	1	26.487397565204	26.1322029672876	25.8446847050079	25.9439257066846	25.8407568281426	25.8733160431955	25.9551424319304	25.8059595096585	25.8176509708467	25.7351104447629	25.4414500873968	25.5050998851983	25.9514093522685	25.7494593866536	25.542233837359	25.2863624334641	25.149543951735	25.4324617457045	25.4142259097793	26.0484967236179	25.6735916083002	25.9767337742381	25.1620000989244	26.1010253659074	25.3867166561223	25.2993459117015	24.8508019365398	25.6692000884615	24.8284357146274	26.0000322478915	25.6077692291121	25.463742536402	25.033926585547	25.0125888739707	25.5062207844159	25.1434333691103	25.8628970660385	25.7522857100589	25.8059050340218	25.7306575764196	25.6529012651027	25.5715325644257	25.5185784511974	25.294613563093	-0.223964888104437	0.195592198886016	0.342286348050528	FALSE
Lysine	Lysine	HMDB0000182	5962	18019	C00047	5200	NCCCC[C@H](N)C(O)=O	1	24.3485711989267	23.4990723466217	22.4795758432818	23.8547815113238	23.3220384650032	23.5436231449743	23.3545280868033	23.7539191539225	24.0381474712661	24.0523928477943	23.5931686596067	22.9474713482692	23.3527475655157	23.7427430852785	24.136170643841	23.2080349898636	21.823940389487	16.7617959455081	22.6506434116421	23.6577141929636	23.0370219116946	23.2819331813763	23.2229378243495	23.746279919672	23.2313034115911	23.840929838041	22.5489334872592	24.3284855594233	16.6192531283236	24.8378158666386	23.6758673388044	24.0560925261338	22.5435537699137	23.0329469118153	23.6553265518552	23.2868571165368	23.9939460726375	23.8962188545392	23.5886051205928	23.5355538732961	23.1130067193504	23.1231454277219	22.1709054365823	23.3751073691765	1.20420193259421	0.339559792583887	0.46892457754231	FALSE
Methionine	Methionine	HMDB0000696	6137	16643	C00073	5664	CSCC[C@H](N)C(O)=O	1	25.7829799701016	25.2139370017891	24.9746820674392	25.3480783596822	25.0635438538478	25.1527736480007	25.245319312304	25.271509705979	25.1906415555127	25.0835658971171	24.9043144904135	24.7455543609695	25.1463578042537	24.8860070301775	24.9016934942948	24.3979730625829	24.4091523194111	24.7209132218419	24.5369141872197	25.2811804662476	24.8133201808263	25.2108646734895	24.3871133050083	25.3790923079933	24.550044985671	24.5416282024726	23.9215728769346	24.9032133939235	23.8748575137757	25.345655458914	24.7770720269831	24.9979255654447	24.2054910604559	24.1568423761373	24.738231354223	24.3588434010767	25.0637407771758	25.0646217447294	25.0466466814033	24.8941287622171	24.7720659148489	24.721710376661	24.7436828220936	24.5390676307201	-0.204615191373513	0.297243227523254	0.426168000906835	FALSE
Methionine Sulfoxide	Methionine sulfoxide	HMDB0002005	158980	17016	C02989	6428	CS(=O)CC[C@H](N)C(O)=O	1	20.1427027816063	19.9285319523624	19.5911486040711	19.5050724450337	19.2965244072454	19.6784269416196	19.6320142421879	19.3134296011048	20.1304023883101	19.7441025303361	19.6344267332788	19.1746114388584	19.8453466433787	19.7234792530275	20.0467255510337	19.5289716851829	19.4361726151249	19.0130351183572	18.3934737070767	19.4099193469987	19.2319195737211	19.9269115701536	18.4901723179485	19.8965582308862	18.830637799404	18.5694903194736	18.6455123596693	19.0935283450623	18.507523905499	19.663692651895	18.953610294222	19.1943029776139	18.0777427331438	18.4000959640415	18.9720635711359	19.0075279721931	19.5728514595783	19.5328432523643	19.682429240659	19.5995174924423	19.5615677318573	19.5684314447899	19.5989551443508	18.7675572520584	-0.831397892292458	0.00488721442926086	0.146724636975947	TRUE
Methylglutaric acid	Methylglutaric acid	HMDB0000752	12284	68566	NA	5720	CC(CC(O)=O)CC(O)=O	1	19.2917937769613	18.4546373888642	19.1013279965568	18.5960128508958	19.1873425094466	19.8208205018615	18.9409540632975	18.7677738490805	17.9293645636195	18.7047567264979	18.7253965336423	19.3030235432245	19.463318015989	17.4879698068066	20.1442472898822	17.4114183687444	18.8035015139512	18.0939986262841	19.1046705374452	18.8629547157412	18.1157502809757	19.6963392951624	18.7138955270728	18.449282385401	18.7896464762359	18.4124442497006	18.3234604172921	18.2546007486399	17.8432057549889	18.2754673849664	17.7104195943376	18.249946958318	18.2853747864973	18.2421327184273	18.2209815077149	18.7686648182387	19.4652087063398	19.4632249695743	19.312395809292	19.4532088888933	19.6150734553214	19.4205286015207	18.5674089369429	18.2462533972556	-0.321155539687268	0.520418176728829	0.613165970601294	FALSE
N-Acetylaspartylglutamic acid	N-Acetylaspartylglutamic acid	HMDB0001067	188803	73688	C12270	NA	CC(=O)N[C@@H](CC(O)=O)C(=O)N[C@@H](CCC(O)=O)C(O)=O	1	19.5296734171221	18.5575022298424	20.0030188881051	20.5650831173825	20.6134158547125	20.6015017992606	18.8521439917807	19.0019288995782	18.9966385406646	20.0506461667662	19.8012202788312	20.053002297825	19.7169982227149	19.1885122410638	19.18832957704	19.9600388581632	20.3083297779336	19.5948375434847	20.071360632723	20.4592098167641	19.8008936801357	21.4028666964374	19.9624461122477	20.1026775899783	19.5299988989477	19.6791058766896	19.5946950412627	19.6736199045708	18.8035815260573	19.1948795959906	19.0054196015302	18.9120216940385	19.1732075011338	20.2205586757406	20.2326370707061	18.8638840433102	20.3164919934015	20.2083837921182	20.2524399914272	20.1626723536485	20.2050602907727	20.0436402146339	19.6595077034	19.4012880977432	-0.258219605656777	0.440266353905844	0.540120578503046	FALSE
N-Acetylcadaverine	N-Acetylcadaverine	HMDB0002284	189087	88824	NA	NA	CC(=O)NCCCCCN	1	15.3609693881987	15.9581807793146	16.5621295003794	14.3691816412352	15.3580790648515	15.3123679491239	14.0821306116055	14.9895349167182	14.7408328070031	14.8971429503495	14.6262833738309	15.3969038772866	15.235928273996	14.2363042344649	14.0717473923685	14.2817124330148	15.2043534528062	14.9769851575371	14.1095332815741	15.5441242027523	15.4848841257023	16.1568556727734	14.4063109325031	15.8635042213438	15.0223116391642	14.4632280424492	14.5447228655587	14.2444660459379	14.3271494885171	14.4349449023579	14.3252714528238	14.3792724430203	14.6486146958927	13.7503313750523	15.0206469793386	14.9830988358255	15.299892566464	15.3225174872848	15.2317435717243	15.3186730710922	15.4081143707429	15.2969648855475	14.6678384906979	14.5178726303256	-0.149965860372356	0.616814500861678	0.693589473431431	FALSE
N-Acetylneuraminic acid	N-Acetylneuraminic acid	HMDB0000230	445063	45744	C19910	3321	[H][C@]1(O[C@@](O)(C[C@H](O)[C@H]1NC(C)=O)C(O)=O)[C@H](O)[C@H](O)CO	1	17.1185809348003	14.6228658033599	13.4120041978867	17.4310797859031	17.0872194187604	17.330735919954	16.7054853040698	16.1123019953935	15.9632880546746	17.3018800644429	17.1138535071623	17.3900369771957	17.8144787315474	16.7467906074159	16.4552089589705	17.867358337228	17.7852932814277	17.3076477479886	16.664311535214	15.9119341835702	15.2867187206204	17.9358953390489	16.8134024879195	15.229807151309	16.5365854339867	15.3134239729272	15.8250061142193	17.2810074175069	16.5938993705302	16.1169929733723	16.0484290598784	15.6621160604255	15.2556296788032	18.1225164206126	16.6887007517554	16.9006424493824	17.2630065086022	17.1255534094339	16.9976160579714	17.1991034200978	17.1199831583814	17.1709459825873	17.3294629440963	16.4463390701429	-0.88312387395343	0.106563924334045	0.214934016877141	FALSE
N-Formyl-methionine	NA	NA	NA	NA	NA	NA	NA	0	8.91006563027601	12.8291290771225	11.0704417883315	13.5435202921582	11.0963912502221	12.6756890252411	15.3038771067725	14.1538396158257	13.8363703869391	13.9973747582694	14.3807876178127	14.4722227523075	14.0250281151472	15.0175831721612	15.8366183739454	14.000407603266	14.8809954990555	13.7806520671499	14.9822229361643	12.8005727913798	12.0368111778991	13.0955391125201	14.6841786630313	12.3900384043991	13.0928607083718	15.1029681992565	13.880580754399	15.5532479867093	13.5501880608774	14.3382343564269	14.0205668970458	14.6600267020662	13.3378566859647	15.5582850936802	14.9258395813225	13.1367409570551	13.6408364747007	13.6954388047602	13.6857000252164	13.4743854037392	13.5586195209802	13.2232980751311	14.5902141384542	14.2732193195224	-0.316994818931805	0.54337655058839	0.633939309019788	FALSE
N2-Acetylornithine	N2-Acetylornithine	HMDB0003357	439232	16543	C00437	NA	CC(=O)N[C@@H](CCCN)C(O)=O	1	21.909498475148	22.265170174665	22.5843754363794	21.5009040352861	22.4991742019903	22.2775195333425	21.2275682415749	21.6507603596669	21.6219677941015	21.7475821387919	21.3870341086312	22.2623598591867	22.408239271179	21.048656421433	21.1234833904403	21.0709163941337	21.9550442492279	21.7336121849956	21.1468359631652	22.3120185281511	22.7340411750091	23.1051363774276	21.1892888786661	22.5910838818821	21.9343529093426	20.9962075179375	21.6492783720611	20.8298195436979	21.6584921612113	19.5137156204068	21.3804377961549	21.2446019211569	21.5958218709365	20.823913595363	21.7352628421635	22.3392436026608	22.1532633944975	22.2125910627491	22.1758032540656	22.2306605718257	22.2686909548846	22.2080427007555	21.5566586519016	21.5198802714059	-0.0367783804956545	0.908200884621215	0.933586371795512	FALSE
NAD+	NAD	HMDB0000902	5892	44215	C00003	5858	NC(=O)C1=C[N+](=CC=C1)[C@@H]1O[C@H](COP([O-])(=O)OP(O)(=O)OC[C@H]2O[C@H]([C@H](O)[C@@H]2O)N2C=NC3=C2N=CN=C3N)[C@@H](O)[C@H]1O	1	23.2901961714448	21.0064524935939	22.3338632448718	22.364630804765	22.0107513277595	22.7933685250141	23.2124155556793	22.3166998996036	21.8410294911666	21.6658331156176	22.203215201386	22.5706383100103	23.0335400311159	22.7873430536856	22.3483767274871	21.8838250057386	21.99805959266	22.097054648961	22.9637038727378	22.3146735650464	21.7863813310628	22.9731743213127	22.0663099855674	21.9840844841977	22.4505947782879	21.8882967247551	21.5034136049583	22.2931127485147	21.3704533410434	21.6112380397808	22.299276695551	21.1545571889604	21.412773857185	22.3199383789087	22.1880051677534	21.1948929691911	22.1930397625715	22.1788403427663	22.2787724229848	22.2271847658339	22.2775204927828	22.188046897557	22.358033176608	21.7615740429249	-0.596459133683112	0.0740209519367657	0.195744295121669	FALSE
NADH	NADH	HMDB0001487	439153	16908	C00004	3687	NC(=O)C1=CN(C=CC1)[C@@H]1O[C@H](COP(O)(=O)OP(O)(=O)OC[C@H]2O[C@H]([C@H](O)[C@@H]2O)N2C=NC3=C2N=CN=C3N)[C@@H](O)[C@H]1O	1	19.9368226977166	15.3309227877057	16.6441372160208	17.8775278074139	17.7590177536472	19.3073432550777	19.857011160366	17.432603006644	15.8937069957704	15.8001760198243	16.9979845610118	18.3761234666653	19.2989665775543	17.5302353300472	16.8467094360655	16.0274364917522	15.9768584577703	17.7972941218327	18.9220917830963	17.8767258098742	17.5014860317059	19.3963908322496	17.8843254776545	17.4182891198048	18.3900287284746	18.2051730358132	17.3912126855925	18.5066511651659	16.9846997348824	19.3034078973733	18.0489122611372	17.0370530299158	17.4828396673457	18.2804969399575	17.6367910657336	17.3073410953745	18.1604320076329	17.9911088522712	18.1943377064797	18.2429935553347	18.0817158600444	18.0288678099585	17.2462500691704	17.6322390099107	0.385988940740347	0.504429885124262	0.600271563297872	FALSE
NADP+	NADP	HMDB0000217	5885	44409	C00006	5227	NC(=O)C1=C[N+](=CC=C1)[C@@H]1O[C@H](COP([O-])(=O)OP(O)(=O)OC[C@H]2O[C@H]([C@H](OP(O)(O)=O)[C@@H]2O)N2C=NC3=C2N=CN=C3N)[C@@H](O)[C@H]1O	1	17.7448584365644	15.0620876778662	16.7970818796368	17.0919960820742	17.2341179304847	17.8171780720869	17.7530519936471	17.0234454738404	16.1620980117309	16.4543631267074	17.2099418298536	17.3538059351221	17.6836732219588	17.1274442662037	16.599744550437	16.6175889206863	16.8728073809163	16.907495176276	17.5702524520836	16.4683416973964	16.5060051667999	17.5400233464391	16.4407590802328	15.7504428103759	17.3661225652858	16.7963836418003	16.2191263810408	16.7485598697082	16.1942866900037	17.2581635937403	16.9615765215418	15.4643652662421	15.9672504039136	16.6192691461537	16.9322624160919	15.9096663584086	16.7945255138097	16.7682489082861	16.8510600727526	16.9328167360377	16.8376788762088	16.8282659157292	16.9681255860797	16.3090650187253	-0.659060567354391	0.0573043694361273	0.179263395970959	FALSE
NADPH	NADPH	HMDB0000221	5884	16474	C00005	3691	NC(=O)C1=CN(C=CC1)[C@@H]1O[C@H](COP(O)(=O)OP(O)(=O)OC[C@H]2O[C@H]([C@H](OP(O)(O)=O)[C@@H]2O)N2C=NC3=C2N=CN=C3N)[C@@H](O)[C@H]1O	1	18.6340164382103	15.5995919201408	16.7570769083299	17.3307662100201	17.6458421178045	18.4246004900845	18.3130766949892	17.1211165697074	14.5042198028478	14.6842742854922	16.2121208546861	17.7547559463862	17.7959312479564	16.5254908496469	14.8570226707559	15.5029889601542	14.6734540417918	17.0229499322633	18.1213684486588	17.2314910531642	16.4624804187268	17.9110232929674	17.183638967273	16.9138674245442	17.652185794746	17.485476987053	16.6303637143792	17.4242236724405	16.6504342318864	15.7077715225626	17.6255944615762	16.2035443973527	16.56375044988	17.1443251785663	17.1239922757078	15.8347147483732	17.1485798163833	17.0015379222518	17.0520328990859	16.8388767193956	17.0672849858095	17.0700738852198	16.0629729504281	16.7493202519094	0.686347301481298	0.271725531897408	0.406779762403501	FALSE
Niacinamide	Niacinamide	HMDB0001406	936	17154	C00153	1497	NC(=O)C1=CC=CN=C1	1	23.329093743217	22.8793661931254	22.5928465989059	22.6622548365843	23.5933404865061	22.8731215224844	22.6613642648193	22.2804936816359	22.656306522167	22.5449314825889	22.8289323998849	22.9085062792346	23.02330050878	22.5354242122342	22.9959723366194	23.2251429682699	22.9615065807685	23.0641371766002	23.4153620937727	22.6577324010321	22.8067014585801	23.056051209188	23.3633318981742	22.9935022093914	22.8975466562675	23.3101301103499	22.7462851722501	22.6997681716577	23.131028392787	22.4172164779792	23.1228169012418	23.4226875305587	22.6073793182995	23.4711100751133	23.5993606967719	22.9290715865714	23.068903442659	23.491505001812	23.3838354556814	22.9589636263345	23.099077741835	23.3529323199427	22.9675806305454	23.1920710180927	0.224490387547377	0.248048578586184	0.388391853312578	FALSE
NMN	Nicotinamide ribotide	HMDB0000229	14181	14648	C00455	5238	NC(=O)C1=C[N+](=CC=C1)[C@@H]1O[C@H](COP(O)(O)=O)[C@@H](O)[C@H]1O	1	17.363148128695	17.9542393141609	18.7246971047055	17.4546711808596	18.6439280229988	18.1158214359614	16.8244896690959	17.2588933698353	17.0593693055228	17.7401787532938	18.3918652215959	18.3047467651729	17.8505230599496	17.9177746429918	16.7328230466612	18.1671160033667	16.8811017776052	17.8221796387018	15.8632408506711	17.4562305661676	17.7363055955972	18.5092346079468	17.4518947623179	17.7585183182896	17.4760421441078	16.7158265181434	17.0526758827522	17.2783121108828	18.4233938999832	16.7770739894503	16.383722736729	16.9529824253287	17.058505962328	17.5979632451883	16.8190739285533	17.1813226649586	17.4973599586295	17.6154231801448	17.7376438593155	17.5831192135493	17.617795544111	17.5264185613435	17.5619196948794	16.9989284938477	-0.562991201031735	0.089251958967918	0.200722316507467	FALSE
Norepinephrine	Norepinephrine	HMDB0000216	439260	18357	C00547	5226	NC[C@H](O)C1=CC(O)=C(O)C=C1	1	17.4069166090593	17.1902805418759	16.7786256213952	14.2448302041208	17.4227775040314	17.7981796847656	18.2253166857702	17.5126277756252	13.6984351453813	17.542066143362	17.1899529891511	17.1899839872497	17.8800143449296	16.4765002259297	13.6975020261132	16.6155215241759	17.154682404111	16.2880089516559	16.881527207366	17.378475060443	17.0084054199249	18.175598345244	16.5651614042542	17.7448314138266	16.4153667247801	16.3301040638773	13.508601404781	13.9097172595952	13.6082857018832	14.086047663131	17.2473668465637	13.6813711773238	13.6421975947881	13.743268097024	16.8730152572343	16.7240443146307	16.6627804030906	17.2970845559768	17.3166903046092	17.2737375002169	17.0913173153831	17.300579516139	16.3520382461526	15.3185438812608	-1.0334943648918	0.295957112247394	0.426168000906835	FALSE
Ornithine	Ornithine	HMDB0000214	6262	15729	C00077	27	NCCC[C@H](N)C(O)=O	1	19.9858113136443	19.2447662522906	19.1219651240615	19.322708971154	18.8324527483786	19.2014924250368	19.3333866483293	19.3468721854419	19.4930599204265	19.3635914206586	19.1046127123043	19.1893259010185	19.7568425564477	19.8225269164217	18.7529404437611	19.2754812800745	18.9936641546726	19.0299201616967	18.8186869195994	19.0909539286381	18.6396980688366	19.412639948294	18.4874543925082	19.4048885028183	18.9476376421786	19.1016838511042	18.759231083845	19.193892047173	18.7981324717498	19.2530473089948	19.2510871081226	19.17767443914	18.3334811003188	19.2725896222862	19.0528096986471	18.9008510534711	19.4350073561814	19.3301244210729	19.2290522543414	19.0567589111693	19.2910948223473	19.1495114727043	19.2718959188457	18.998082170331	-0.273813748514758	0.259960806351223	0.396606871228148	FALSE
Oxoadipic acid	Oxoadipic acid	HMDB0000225	71	15753	C00322	5234	OC(=O)CCCC(=O)C(O)=O	1	12.9991762374823	17.2555763765043	18.2933314979125	16.3279921626547	13.307099399886	14.2008783985862	15.8528000678663	13.8594029306095	13.847434472066	16.6112124020529	16.1814923977865	16.58926963413	13.6523915740512	15.7797694177623	17.0885882966326	15.9650453009943	16.7460444896392	16.6685607956259	16.1986098421059	12.9003487787904	12.8567935972929	17.934455336825	16.0912257577781	17.1697823392286	15.7546517970617	15.8248036745394	16.3080353278648	15.7393698593723	16.4446182007619	16.2448807904773	16.2363874142328	15.9852412094426	16.0804617832013	15.7760939883194	15.9111995225025	17.1170036676965	14.0356278502992	14.1272575534192	14.1099717801608	14.2007493244971	13.9605179400277	14.169281308018	15.9833999791176	16.1843979308992	0.200997951781604	0.724066835039376	0.76754635637941	FALSE
Phenylacetic acid	Phenylacetic acid	HMDB0000209	999	30745	C07086	129	OC(=O)CC1=CC=CC=C1	1	18.0179158397911	17.9833558607654	17.7214181783809	17.409099440524	17.7853355669366	17.7511358001975	17.7346863721647	17.4802802325806	17.5527647039595	17.4448033557831	17.2621108459575	17.6121578031676	17.8916424919373	17.6366321994587	17.2573996606769	17.2647450882114	17.0274528840705	17.3175173486267	17.4016505588095	17.9382723153099	17.7281000638594	18.0908869726531	17.3623409714974	17.9323941738148	17.5217637388676	16.8947548902883	16.918990676073	17.573591452381	17.1261266752601	17.4236179503379	17.6178912090749	17.2385052712071	17.0053550975762	17.1494789823831	17.3307490346417	17.129365344621	17.5559228161159	17.3491715701154	17.4928027794298	17.4876629527978	17.50757217763	17.4086521174632	17.3992316121636	17.245224156584	-0.154007455579546	0.342827212152781	0.46892457754231	FALSE
Phenylalanine	Phenylalanine	HMDB0000159	6140	17295	C00079	28	N[C@@H](CC1=CC=CC=C1)C(O)=O	1	27.5188816149525	27.1478652949011	26.3450140724542	28.1765333761827	27.3469291149698	27.6397398950463	28.6281526325768	28.3276708472377	28.0884447778256	28.2530981313905	28.1197872103132	27.8812873951363	28.1630580365998	28.1886580723835	28.2978256929476	27.8531799145975	27.7881200772332	27.9425233868875	28.0539409871914	27.5073094473459	26.9687693414664	26.6476465318171	28.0024319394756	27.4474028605206	27.1341587878486	28.1215825021076	27.6707118976638	28.4420500303108	27.5628516863223	28.7540043140391	28.3227520855271	28.5043158782437	27.8396610819204	27.8284052397765	28.1750304883727	27.9677911942046	28.2768916552694	28.1470369916724	28.171830071389	28.1234636901727	28.0668189377125	28.0588572499412	28.0388941967748	28.1063259946742	0.0674317978993422	0.641521695850903	0.706861868576458	FALSE
Phosphocreatine	Phosphocreatine	HMDB0001511	587	17287	C02305	6288	CN(CC(O)=O)C(=N)NP(O)(O)=O	1	17.4676157982693	16.9307703234988	17.5215357968582	17.498278137862	17.7549389671786	18.7789218396834	17.9122879077012	17.5071935006751	16.601513566386	17.0716056266837	17.8195504567344	19.0114410436867	17.6956056987463	17.0727463801553	16.7896511533504	16.9857748782253	18.4784574671318	18.4356520045602	18.5588563832522	17.0012898742527	16.282888207177	17.9344224828399	17.7994187126553	17.8386600670415	17.7553058292012	17.608056749735	16.6100554045484	17.0517945567817	17.0934687634719	18.3369292700945	17.0793047628053	16.7835084313748	16.4605786751905	17.4716021999201	17.9317068300145	17.7042099122495	18.1268912537889	18.0256063301823	17.9332538596562	18.0190412825125	18.0446031902842	17.9488249708487	17.5763145970282	17.2384851352591	-0.337829461769097	0.398737686765128	0.510212738979035	FALSE
Phosphoenoylpyruvate	NA	NA	NA	NA	NA	NA	NA	0	18.9031303848323	20.8940334126538	20.616402796358	17.8676077391642	19.1514163026165	18.4998948308872	18.185817463425	18.1031191200397	18.3411737065678	18.3286405633476	18.4154838666366	19.0594637368244	19.1323612333442	18.5270939760709	17.8656880010907	18.1596478604604	19.0496252368849	18.4719497571208	17.8833175090983	19.7874862247737	19.2737368781442	20.4205537708781	18.4010665428358	20.1081182166462	19.8286109388191	18.9407902283921	19.5247671952238	18.0103440612575	18.8756900110043	19.5948466700566	19.0514578610324	19.097211680468	18.4414250486742	18.5061927996888	19.381881429248	19.4107753343525	19.329452405911	19.2685600089762	19.1435240698888	19.1363408974708	19.4524639442355	18.8817308144607	18.534394344162	18.981490692244	0.447096348082002	0.122320629691704	0.231050078306551	FALSE
Phosphoserine	Phosphoserine	HMDB0000272	68841	15811	C01005	5270	N[C@@H](COP(O)(O)=O)C(O)=O	1	14.5044851991985	11.139839032022	13.8684285516885	14.7913269969765	13.5222809969242	13.248478836148	13.662350939901	14.7778120798101	13.109608970582	13.0486846089405	12.7859141408857	13.1236395212046	14.1129492382049	13.3041250449549	13.1060213140435	13.6033379591161	13.5121317461896	12.3262270711796	13.0711531086478	13.2708779523256	14.0174815504276	14.5709218771894	12.8903639447648	11.7835657486456	13.0969902834646	13.4359952460753	13.2892599490826	13.3405957257583	13.1962413701653	13.1487607028387	12.4349945878688	12.5763543585583	11.5240953478387	11.6464011489926	13.7253369424692	11.8275640925016	13.897794126188	13.8365193944183	13.8451124986306	13.492266587105	14.1436003672577	13.8779639871587	13.3274653956148	12.2891244130382	-1.03834098257658	0.0332923272051141	0.15276670210951	FALSE
Proline	Proline	HMDB0000162	145742	17203	C00148	29	OC(=O)[C@@H]1CCCN1	1	29.2912963946342	27.5949846384709	26.3200604156985	28.8637346914612	28.0292102135503	28.4296664843182	29.0152110401514	28.6520193691282	28.6102464534198	28.4409923797278	28.4370425824211	27.9243152275356	28.508329929299	28.3701867537906	28.7084982379897	27.8359133332475	27.4152956092487	27.670597224647	28.2872349317501	28.1253812796526	27.357773303309	27.9157825514193	27.7549022836781	28.2728923101099	27.9612383532618	28.1598690122446	26.5301684711827	28.5603165351765	25.5645406828711	29.1312835532656	27.8474591186983	28.1293699977425	26.3004830331184	27.684227800906	28.0996626588767	26.284509590064	28.6459515878239	28.5225841497848	28.3428709514322	28.3999836565869	28.1481386931663	27.9330817768339	28.0848035147037	27.3909520332343	-0.693851481469427	0.129781320157924	0.239572967159424	FALSE
Propionylcarnitine	Propionylcarnitine	HMDB0000824	188824	53210	C03017	5787	CCC(=O)O[C@H](CC(O)=O)C[N+](C)(C)C	1	18.7303178561331	18.5914103446058	19.0152662651551	18.2534412775087	18.8095476528541	18.6291870348133	18.9214272768266	18.8377056025075	18.2833290726345	18.3692560715319	18.470044922502	18.9185278465643	18.8787439700155	18.7701118917641	18.3777816272026	18.2682163058907	18.3602341758866	18.3941931777582	18.6268519912357	18.4914038552825	17.8295521660731	18.5553152314168	18.2940227381255	18.0300404124506	17.9960044356437	18.2611433367662	17.6312503739725	18.7500476901758	17.6572766727936	18.2868263626613	17.9391322190496	17.0160534800781	17.0663561751528	18.1732584217237	18.3698699744092	17.255922792885	18.4037686760465	18.3113325948343	18.3575649121519	18.2848771423252	18.3973058334893	18.347038192034	18.5082135247529	17.6367655105497	-0.871448014203196	0.0138369210222405	0.146724636975947	TRUE
Pyridoxal 5-phosphate	Pyridoxal 5'-phosphate	HMDB0001491	1051	18405	C00018	6275	CC1=NC=C(COP(O)(O)=O)C(C=O)=C1O	1	15.7876685150562	15.4662618665842	15.6864438230873	15.0349586816691	15.8458991138659	15.7591231934671	15.1056063815711	15.251450387524	14.6012922389822	14.5550923647318	14.8477426572887	15.6341088664055	15.2624135288046	14.8368865231358	14.5896201945931	14.0138423016496	15.4184924449481	14.8056364825801	15.4861088713727	15.8014962355801	15.3159180297038	16.0304120973579	15.0493765570052	15.755126183274	15.3238483889016	15.029027184501	15.2689444495725	14.5119148527321	15.0223095626067	15.4508490211104	14.9922998859816	14.97312203031	14.4734843963849	14.152085701309	15.2565079201315	14.9125207153534	15.6571366108108	15.5041243645838	14.8610305694963	15.5522449787694	15.5255509222258	15.7602829239805	14.8211485792852	14.7933367749117	-0.0278118043734636	0.917895844538445	0.933586371795512	FALSE
Riboflavin	Riboflavin	HMDB0000244	493570	17015	C00255	5249	CC1=C(C)C=C2N(C[C@H](O)[C@H](O)[C@H](O)CO)C3=NC(=O)NC(=O)C3=NC2=C1	1	19.4395589297454	19.277912447471	19.6109017437037	18.6334513756171	18.9538282981613	18.841197254979	18.8436806082445	18.5153245807595	18.3633538774597	18.4662030753263	18.743071229959	18.6278138621572	19.1224186650254	18.8258811591361	18.7944143464069	18.5078047299252	18.4889885122835	18.4622900783841	18.5375618848678	18.972469156171	18.7188336765248	19.516226152505	18.6893224007563	19.1317072771011	18.4622662461063	18.2758273023967	18.4463278577179	18.7993586130436	18.6955566643176	18.8544682625347	18.7021180626746	18.5379916307577	18.6435554294206	18.5355156271786	18.8675802583975	18.8873895300701	18.5713962016062	18.40399496999	18.51862335276	18.507746207523	18.5145103456766	18.5039622750875	18.7002995818602	18.6956917564165	-0.00460782544370275	0.971253538408631	0.971253538408631	FALSE
SAH	S-Adenosylhomocysteine	HMDB0000939	439155	16680	C00021	296	N[C@@H](CCSC[C@H]1O[C@H]([C@H](O)[C@@H]1O)N1C=NC2=C1N=CN=C2N)C(O)=O	1	21.091877400168	18.4642211696582	18.5293075212931	20.211474288785	19.5993481963687	20.3995102487318	20.7302154354625	20.065077167713	19.7218755274351	19.9180427290962	19.7068195244699	19.9186693463812	20.3154468963718	19.8722195084338	19.8413212069013	19.5187223202236	19.4721408231276	19.5089877583966	19.6526331009897	19.81793038152	18.8946639362848	20.1185939645764	19.6444610491666	19.413835151369	19.7327428990035	19.6902175586263	18.7784210595048	19.8979542243794	18.4880043722996	20.3883994370435	19.5466376106671	19.1994296119281	18.1782033534349	19.4978151476806	19.6297966142077	18.527534240274	20.0157887265824	19.8527731961273	19.8996262007673	19.9112827530817	19.9626283014153	19.6439268964773	19.7548064189091	19.0965694296987	-0.658236989210401	0.0480748486339611	0.178778343357543	FALSE
SAM	S-Adenosylmethionine	HMDB0001185	34756	15414	C00019	6064	C[S+](CC[C@H](N)C(O)=O)C[C@H]1O[C@H]([C@H](O)[C@@H]1O)N1C=NC2=C1N=CN=C2N	1	17.9830446432525	14.9817618332813	15.7398273073053	16.8980782695699	17.4735852949002	17.7861550195707	17.1958570417998	16.7318693738709	16.1076086046602	15.6507095488586	16.7130478508092	16.5545374662925	17.0157968292748	16.886122282475	16.6537268951627	15.0174218304664	16.1719715689226	15.8718198592368	16.827313580328	17.1130375245759	16.0579627213876	17.5281786159099	17.0362013777252	15.8667857867465	16.7288048323363	16.7904525227389	15.8820202077711	16.3283377000213	14.9501276418401	16.1710252197087	16.4487428682281	14.2799639936943	15.387773102004	16.0630870275333	16.6623860639424	15.2279486232136	16.1452332873621	16.4173908730411	16.4941382613754	16.615425207643	16.4265685842883	16.4024417591553	16.2694765442564	15.6783169464359	-0.591159597820461	0.242578929395496	0.388391853312578	FALSE
Serine	Serine	HMDB0000187	5951	17115	C00065	5203	N[C@@H](CO)C(O)=O	1	23.2295446462695	22.9051217251946	23.0023608176162	23.3814215620327	22.881779412356	22.9699769507376	22.6684845764883	22.4612951040493	23.4725634591969	23.0843740559993	23.1610086411617	22.3725698824461	22.9532650917471	22.8193463385353	23.368082242573	23.003307616187	22.5381138841645	22.9802108353112	22.4305810267836	23.3685682999191	23.5219439683236	22.6433867182036	23.1296337615201	24.1638685312718	22.7043127459766	23.3070079631906	23.0704377351179	23.4550667693968	22.9926927750863	24.0823259766118	23.3704174447314	23.870146292491	23.4481341608849	22.9615709425243	23.3232346221564	23.6544638759654	23.2511184868841	23.0537206136813	23.149633171218	23.1978627250954	22.9848083129642	22.9592065868362	22.9437210014197	23.4379945564589	0.494273555039189	0.0148606353023653	0.146724636975947	FALSE
Suberic acid	Suberic acid	HMDB0000893	10457	9300	C08278	4243	OC(=O)CCCCCCC(O)=O	1	15.3889450368989	14.459001358808	14.3016456767947	17.4691278283763	15.7640318572319	17.1973894707251	14.9121464198696	17.6251194491031	19.0339350389542	18.9329043978817	18.4608760546898	15.2233644923498	15.0105526627003	18.2820030298591	19.3529661664483	17.0773840690613	19.5064365080333	15.0091506883603	15.0697704406619	12.5003294857247	16.1294786854931	16.8939121197784	16.3924872697598	11.5255876633458	15.3432697817068	14.7596235868681	13.0225674820764	16.2859134476308	16.1181493596772	12.8294532620487	15.8345638251904	17.2974405122134	13.1150239937957	16.8195344644816	17.0363529657537	16.8304041422689	17.90863065907	17.9279617206493	17.5865494917162	17.8286604874987	17.9913390812071	17.8525441031826	17.3730821874104	16.1555533172839	-1.2175288701265	0.273465386489748	0.406779762403501	FALSE
Succinic acid	Succinic acid	HMDB0000254	1110	15741	C00042	114	OC(=O)CCC(O)=O	1	22.6627102572044	20.3192981841236	21.6891150201593	22.0884242866459	22.155513089201	22.627485288807	21.5919439300766	21.4355845734514	21.2638647730861	20.8583764594578	21.2201094648353	21.7796589574853	21.9334166244531	20.9702690216226	21.9359323504737	20.7166324111365	20.9867350708344	21.1666644091122	21.1428586745118	21.7353002524085	20.8944647648774	22.1324558019683	20.74300988003	21.608568677873	21.3694645554469	20.3888891659781	20.1971641795026	20.5856206203774	20.2128006288492	20.4142597464788	20.3934994819267	19.8263388430046	19.7530535169799	20.5359863326416	20.3938840012285	20.0689567672925	21.4248355831479	21.4846092303039	21.4131335912269	21.4797190863776	21.4380332570314	21.3946029406234	21.2849416479387	20.161953157179	-1.1229884907598	0.00188368949949133	0.146724636975947	TRUE
Succinyl-homoserine	NA	NA	NA	NA	NA	NA	NA	0	15.0349293729967	14.769332357363	14.9441852805473	14.0829853083544	14.6470575478761	14.7630323688999	14.4712289430407	13.7459528824028	14.8897543375888	13.7419844741196	14.0078886510674	13.8825530748821	14.6913066687194	14.1343709193147	14.367935224124	8.34692182295594	11.766704300916	13.5678763127508	14.1977702510728	14.3994274875369	14.1377899538203	14.9362436852791	13.9947435438355	14.8851753258545	14.1127034708997	13.4882854511514	13.3634307138337	12.9198147273355	13.0642163973976	14.1999974812	13.6746828478266	13.5054530805361	12.2174006694775	12.609416885085	13.4611437411847	13.7835711989692	14.0350102541357	14.0064374052945	13.9239016744582	13.5156025590247	13.8805992489915	14.1731805381345	12.8125192081301	13.2086114038465	0.396092195716385	0.712450136641493	0.763797894237276	FALSE
Targinine	L-Targinine	HMDB0029416	132862	28229	C03884	NA	CNC(=N)NCCC[C@H](N)C(O)=O	1	16.5959911721177	14.5555184986603	14.9070244364656	15.7115596793469	15.456407030482	15.92493526174	15.6642253464465	15.0888403148121	14.7430499373723	15.0270891333739	14.9101993343327	15.8492145319033	15.6647910670133	15.0834543849467	15.148797184334	14.5908738237121	14.9945288440333	15.2033103512376	15.9636066934425	15.3299735475556	15.0189673195453	16.6070988748508	15.2922614800666	15.3201541953155	15.607870741391	14.9751554514709	14.7560454528882	15.6890951563997	14.3007805202111	16.5413034690092	15.3373760525424	14.3868897265443	14.5371343861058	14.8342173862335	14.891033296231	14.3715759875716	15.4075674326304	14.9240926221774	15.2034739893275	15.1854724562597	15.1248978598757	15.3321235943057	15.1142926092128	14.7263711392048	-0.387921470008028	0.0910840763983464	0.200722316507467	FALSE
Taurine	Taurine	HMDB0000251	1123	15891	C00245	31	NCCS(O)(=O)=O	1	20.1252866226537	18.0745554651023	18.2596862655935	19.4148964911047	19.2449836148768	19.5358531031985	19.9232889484303	19.4548482122711	19.7545015264822	19.024618723358	19.9919359148822	19.2437891424049	19.7415002127529	19.6313304058559	19.7996454446082	18.8044352899302	18.9931020795959	19.1911124757915	19.2567677438686	19.3114360372936	18.6502391817419	19.1926438550076	19.1068889190084	18.9437837437424	19.0774688713166	18.9400793168463	18.1237139112134	19.3119923885189	18.0670006588015	20.2334833083359	19.330802620052	19.2188002879607	18.1587415727586	18.7718670852107	19.335971140055	18.6147414950901	19.5421492426069	19.3528325567566	19.4424364451054	19.3611610324683	19.1831851934698	19.0325465657171	19.3601876514225	18.9051540335212	-0.455033617901297	0.109592869240209	0.217359190659747	FALSE
Threonine	L-Threonine	HMDB0000167	6288	16857	C00188	32	C[C@@H](O)[C@H](N)C(O)=O	1	27.0593248164358	26.2654605528056	25.9599490034295	26.2122269369786	26.0063136124863	26.2671372865563	26.5351967956725	26.072551979219	26.2215449504333	25.9935771076277	26.1214343890876	25.9397764433985	26.4638274691446	25.9445761205012	26.0042642411367	25.7539385269422	25.603837785989	25.8396907357823	25.8767499002853	26.2150831058891	25.7076105314977	26.2800902504469	25.7296087666072	26.3100156447497	25.9580014249033	25.9549871024104	25.3014021292349	26.0091576620149	25.1393746704629	26.2296848104423	26.0395193795293	26.0596416257286	25.3923426781281	25.4574935733217	25.9378634656612	25.5186398552077	26.2302372763974	26.0318435558362	26.061777349973	26.0157690113773	26.0661422987496	25.9767331935358	25.935022479916	25.7342500962628	-0.200772383653213	0.27750327455304	0.407689995948294	FALSE
Trimethyllysine	N6,N6,N6-Trimethyl-L-lysine	HMDB0001325	440120	17311	C03793	6161	C[N+](C)(C)CCCC[C@H](N)C([O-])=O	1	18.6827087611109	18.4051329499737	18.3493916105166	18.324394531773	18.1739108668518	18.2751779961996	18.2989081543524	18.1374953731251	18.4060713163727	18.1306829165715	17.9918164682725	17.6892464193348	17.8815210966778	18.0527638015274	17.9903625609662	17.6637422623357	17.5152834636192	17.7840553420083	17.9761257307994	18.3122317746649	18.1109374730547	18.4103352297058	17.8008750932775	18.5492685184569	17.8241839830255	17.699935318677	17.4867245892733	18.1442233261411	17.4121392753935	18.2950114368119	18.0480050549238	17.8300319821661	17.5305359819375	17.3031149638748	17.8459063271152	17.6208493849254	18.147722539263	18.0096550436121	17.9948648515424	18.0695992813175	18.095059025151	17.8987034981316	17.8146214211891	17.6964072824905	-0.118214138698661	0.407389353756296	0.513399744236274	FALSE
Tryptophan	L-Tryptophan	HMDB0000929	6305	16828	C00078	5879	N[C@@H](CC1=CNC2=C1C=CC=C2)C(O)=O	1	25.7595353340964	25.24539766797	25.0678575869244	25.1591786435687	25.1107372964024	25.3121569658852	25.1877096912391	25.1084174658436	25.2107904127975	24.7611580969862	24.8359085422586	24.6327780500799	25.3207811311863	24.8235821902883	24.7200425395077	24.3761579076844	24.2695113766261	24.5109839467678	24.5429008517998	25.1714033839355	24.9312828035494	25.3116157707235	24.326595140559	25.4013595895726	24.7214069236468	24.3327768452296	23.8171652601559	24.7844762767327	23.6937423904375	25.3964764962219	24.7165992810991	24.6640760000912	23.9164206685798	24.082980197347	24.5737755157634	24.1807800701883	24.9846733432446	24.9964102997214	24.9088114178331	24.8462959684859	24.695173002657	24.6785564122749	24.6701765153434	24.3557719555115	-0.314404559831935	0.16120121956691	0.286312613857646	FALSE
Tyrosine	L-Tyrosine	HMDB0000158	6057	17895	C00082	34	N[C@@H](CC1=CC=C(O)C=C1)C(O)=O	1	27.3400260718001	27.2643497742607	27.1364521616144	26.7167495479015	27.0071848536281	27.1179330468273	26.893670970141	26.7554629228769	26.6875609063527	26.6680494993099	26.6428934303012	26.6897169552161	27.1801554325875	26.7744549651324	26.5808611892532	26.4294534343948	26.2634893793981	26.576709880303	26.3561803028363	27.137914804626	26.8586735927616	27.2132422090238	26.3890481164979	27.1658747633768	26.5969580016853	26.2921828482075	26.1147119443733	26.6977496215947	26.0027900151609	26.7552377984842	26.8432541371587	26.5993781969409	26.187203659466	26.2013831522409	26.6497599556243	26.3635258903524	26.8211378697509	26.7055034138046	26.7957829286071	26.7395914861398	26.7417430991791	26.6496362448328	26.6341873801782	26.4740841652972	-0.160103214880966	0.365971371071409	0.479023523818357	FALSE
UDP-glucuronic acid	Uridine diphosphate glucuronic acid	HMDB0000935	17473	17200	C00167	5884	O[C@@H]1[C@@H](COP(O)(=O)OP(O)(=O)O[C@H]2O[C@@H]([C@@H](O)[C@H](O)[C@H]2O)C(O)=O)O[C@H]([C@@H]1O)N1C=CC(=O)NC1=O	1	17.8095920515285	16.1744782553987	18.1211731921628	17.7144539815644	18.0728495085437	18.3656450983035	18.0790629206287	17.8035613144747	17.2688343629488	17.9029578545967	18.0342935316266	19.0633249883708	19.1948984910677	17.7616324538214	17.636702895614	17.8842928442284	18.9098066628278	18.4150919033824	17.9430667683709	17.3678612701784	17.2632971475495	18.7602410358904	17.0919253192145	17.0386371918259	17.7939310514737	17.1689993930333	16.9426523183309	16.9487782516782	16.9033157947958	17.1939643864697	17.6293627074327	16.5896992328175	16.828047769956	17.8744337225268	18.1759893490636	17.1011000668534	18.1797537140417	18.1927844511786	18.0566338279169	18.1713165162878	18.3068916680054	18.2007831242926	18.3004042084903	17.3664388081083	-0.933965400381965	0.0290517380258147	0.15276670210951	FALSE
UDP-Hexose	NA	NA	NA	NA	NA	NA	NA	0	23.0548247974186	21.7247621688289	22.9260046355952	22.8919775002559	23.4329088129149	23.6232036914478	22.6551622685658	22.8475434703107	22.1209166151728	22.1080018887052	22.5203505681537	23.6001579742961	22.8673962358997	22.364381530545	22.3842142112601	21.691756146667	23.0663837160947	22.644921368598	23.5804433230272	23.03624054027	22.719599290118	23.8791334262981	22.8493534673666	22.7903606275239	22.663923816234	22.6470589674196	22.0415403712551	22.1336469485543	22.074770007656	22.5758010299879	22.4361489251773	21.6132882956026	21.5234365467198	22.3427907292332	23.0786598218256	22.0732916737456	23.0615089018183	23.104798847461	23.0136321902112	23.0634073388379	23.1174685159683	23.0778971516727	22.5031755348441	22.1779359987173	-0.32523953612673	0.314901503062352	0.446110462671666	FALSE
UMP	Uridine 5'-monophosphate	HMDB0000288	6030	16695	C00105	NA	O[C@H]1[C@@H](O)[C@@H](O[C@@H]1COP(O)(O)=O)N1C=CC(=O)NC1=O	1	24.2040813560158	21.3215828665186	22.5987272501661	23.767287684491	23.6762370167387	23.7522725506356	23.7573648022881	23.2943984346571	22.4929112285441	22.9205249024924	23.6352135343925	23.9264715929665	24.0055558063181	23.5145890309189	22.8385892999663	23.1915557284578	23.485486281576	23.2488509077968	24.057583515503	23.1818998993674	22.54143604645	22.8135562860056	23.511386294348	22.2440692514606	23.6461545755991	22.9131210083618	22.6829841357221	23.2422702824537	23.0510948939923	20.3126033260529	23.3479461925326	21.5684891380118	22.1412805384894	23.1764101934913	23.3566965103258	21.0382572436278	23.1807090972791	23.0468064404859	23.2851249470139	23.1797344887734	23.1436631216044	23.2183032956475	23.380771175839	22.4381799694131	-0.942591206425842	0.072056388776308	0.194879778735924	FALSE
UTP	Uridine triphosphate	HMDB0000285	6133	15713	C00075	5277	O[C@H]1[C@@H](O)[C@@H](O[C@@H]1COP(O)(=O)OP(O)(=O)OP(O)(O)=O)N1C=CC(=O)NC1=O	1	18.7633782311522	10.6163810752399	17.4676950073287	18.5086735108661	19.3050386880123	20.0443464594061	18.8424695765491	19.0520483453873	18.0475353694538	17.3143035755235	18.5066474247901	18.909176660247	17.9344738313688	18.3568092339012	18.0368136852532	15.8748726953935	18.6877727622578	17.2684880252371	19.8544676460158	18.6746389855984	17.0452980106345	19.9944567580695	18.1033706897835	18.1103255466925	18.69428207259	19.2459318742738	16.6745897574265	18.0772065641027	15.9871216657283	20.3892180675697	17.9313403590468	17.6214250791931	16.6669655197621	17.9458335936196	19.2507681089267	16.509806441879	18.4743468497323	18.3802516437498	18.2715275505157	18.397336944706	18.1418548040013	17.9245975600554	17.6932050389019	17.6543565170712	-0.0388485218307046	0.947911458730594	0.955944606685939	FALSE
